----------------------------------------------------------------------
-- USUARIO system
----------------------------------------------------------------------

CREATE USER PROYECTO IDENTIFIED BY 123;
GRANT CREATE SESSION TO PROYECTO;
GRANT RESOURCE TO PROYECTO;
GRANT CONNECT TO PROYECTO;
GRANT ALL PRIVILEGES TO PROYECTO;
GRANT CREATE TABLESPACE TO PROYECTO;

-- CREAR PRFILE
CREATE PROFILE seguridad_profile LIMIT
    SESSIONS_PER_USER        3;
    FAILED_LOGIN_ATTEMPTS    3;


-- ASIGNAR EL PERFIL AL USUARIO
ALTER USER PROYECTO PROFILE seguridad_profile;

--------------------------------------------------------------------
-- USUARIO Proyecto
--------------------------------------------------------------------

-- CREAR EL TABLESPACE
CREATE TABLESPACE TBS_SIS_MATRICULA
DATAFILE 'C:\ORACLE\ORADATA\XE\XEPDB1\MATRICULA.DBF' SIZE 100M;

--------------------------------------------------------------------
-- Creacion DE SECUENCIAS
--------------------------------------------------------------------

-- Secuencia para estados
CREATE SEQUENCE seq_estado_id
START WITH 1
INCREMENT BY 1
NOCACHE
NOCYCLE;

-- Secuencia para tipos de usuario
CREATE SEQUENCE seq_tipo_usuario_id
START WITH 1
INCREMENT BY 1
NOCACHE
NOCYCLE;

-- Secuencia para aulas
CREATE SEQUENCE seq_aula_id
START WITH 1
INCREMENT BY 1
NOCACHE
NOCYCLE;

-- Secuencia para horarios
CREATE SEQUENCE seq_horario_id
START WITH 1
INCREMENT BY 1
NOCACHE
NOCYCLE;

-- Secuencia para materias
CREATE SEQUENCE seq_materia_id
START WITH 1
INCREMENT BY 1
NOCACHE
NOCYCLE;

-- Secuencia para relaciones estudiante-profesor
CREATE SEQUENCE seq_est_prof_id
START WITH 1
INCREMENT BY 1
NOCACHE
NOCYCLE;

-- Secuencia para notas
CREATE SEQUENCE seq_notas_id
START WITH 1
INCREMENT BY 1
NOCACHE
NOCYCLE;

-- Secuencia para adecuaciones
CREATE SEQUENCE seq_adecuacion_id
START WITH 1
INCREMENT BY 1
NOCACHE
NOCYCLE;

-- Secuencia para tipos de adecuacion
CREATE SEQUENCE seq_tipo_adecuacion_id
START WITH 1
INCREMENT BY 1
NOCACHE
NOCYCLE;

-- Secuencia para congelamientos
CREATE SEQUENCE seq_congelamiento_id
START WITH 1
INCREMENT BY 1
NOCACHE
NOCYCLE;

-- Secuencia para emails
CREATE SEQUENCE seq_email_id
START WITH 1
INCREMENT BY 1
NOCACHE
NOCYCLE;

-- Secuencia para telefonos
CREATE SEQUENCE seq_telefono_id
START WITH 1
INCREMENT BY 1
NOCACHE
NOCYCLE;

-- Secuencia para direcciones
CREATE SEQUENCE seq_direccion_id
START WITH 1
INCREMENT BY 1
NOCACHE
NOCYCLE;

-- Secuencia para provincias
CREATE SEQUENCE seq_provincia_id
START WITH 1
INCREMENT BY 1
NOCACHE
NOCYCLE;

-- Secuencia para cantones
CREATE SEQUENCE seq_canton_id
START WITH 1
INCREMENT BY 1
NOCACHE
NOCYCLE;

-- Secuencia para distritos
CREATE SEQUENCE seq_distrito_id
START WITH 1
INCREMENT BY 1
NOCACHE
NOCYCLE;

-- Secuencia para relaciones estudiante-materia
CREATE SEQUENCE seq_est_materia_id
START WITH 1
INCREMENT BY 1
NOCACHE
NOCYCLE;

-- Secuencia para relaciones materia-horario
CREATE SEQUENCE seq_mat_horario_id
START WITH 1
INCREMENT BY 1
NOCACHE
NOCYCLE;

--------------------------------------------------------------------
-- Creacion DE TABLAS CON TRIGGERS INTEGRADOS
--------------------------------------------------------------------
drop table fide_notas_tb
CREATE TABLE FIDE_ESTADO_TB(
    ID_ESTADO NUMBER CONSTRAINT ESTADO_ID_PK PRIMARY KEY,
    CREATED_BY VARCHAR2(100),
    CREATION_DATE DATE,
    LAST_UPDATED_BY DATE,
    LAST_UPDATE_DATE DATE,
    ESTADO VARCHAR2(50),
    ACCION VARCHAR2(50)
    )
TABLESPACE TBS_SIS_MATRICULA;

CREATE OR REPLACE TRIGGER trg_estado_id
BEFORE INSERT ON FIDE_ESTADO_TB
FOR EACH ROW
BEGIN
    IF :NEW.ID_ESTADO IS NULL THEN
        :NEW.ID_ESTADO := seq_estado_id.NEXTVAL;
    END IF;
    
    IF INSERTING THEN
        :NEW.CREATION_DATE := SYSDATE;
        :NEW.CREATED_BY := USER;
        :NEW.LAST_UPDATE_DATE := SYSDATE;
        :NEW.LAST_UPDATED_BY := SYSDATE;
    ELSIF UPDATING THEN
        :NEW.LAST_UPDATE_DATE := SYSDATE;
        :NEW.LAST_UPDATED_BY := SYSDATE;
    END IF;
END;
/

CREATE TABLE FIDE_TIPO_USUARIO_TB(
    ID_TIPO NUMBER CONSTRAINT TIPO_USUARIO_ID_PK PRIMARY KEY,
    ID_ESTADO NUMBER,
    TIPO VARCHAR2(20),
    CREATED_BY VARCHAR2(100),
    CREATION_DATE DATE,
    LAST_UPDATED_BY DATE,
    LAST_UPDATE_DATE DATE,
    ESTADO VARCHAR2(50),
    ACCION VARCHAR2(50))
TABLESPACE TBS_SIS_MATRICULA;

CREATE OR REPLACE TRIGGER trg_tipo_usuario_id
BEFORE INSERT ON FIDE_TIPO_USUARIO_TB
FOR EACH ROW
BEGIN
    IF :NEW.ID_TIPO IS NULL THEN
        :NEW.ID_TIPO := seq_tipo_usuario_id.NEXTVAL;
    END IF;
    
    IF INSERTING THEN
        :NEW.CREATION_DATE := SYSDATE;
        :NEW.CREATED_BY := USER;
        :NEW.LAST_UPDATE_DATE := SYSDATE;
        :NEW.LAST_UPDATED_BY := SYSDATE;
    ELSIF UPDATING THEN
        :NEW.LAST_UPDATE_DATE := SYSDATE;
        :NEW.LAST_UPDATED_BY := SYSDATE;
    END IF;
END;
/


CREATE TABLE FIDE_PERSONAS_TB(
    CEDULA NUMBER CONSTRAINT PERSONAS_CEDULA_PK PRIMARY KEY,
    ESTADO_ID NUMBER,
    TIPO_ID NUMBER,
    TELEFONO_ID NUMBER,
    EMAIL_ID NUMBER,
    DIRECCIONES_ID NUMBER,
    NOMBRE VARCHAR2(50),
    PRIMER_APELLIDO VARCHAR(50),
    SEGUNDO_APELLIDO VARCHAR(50),
    FECHA_NACIMIENTO DATE,
    CREATED_BY VARCHAR2(100),
    CREATION_DATE DATE,
    LAST_UPDATED_BY DATE,
    LAST_UPDATE_DATE DATE,
    ESTADO VARCHAR2(50),
    ACCION VARCHAR2(50))
TABLESPACE TBS_SIS_MATRICULA;

CREATE OR REPLACE TRIGGER trg_personas_audit
BEFORE INSERT OR UPDATE ON FIDE_PERSONAS_TB
FOR EACH ROW
BEGIN
    IF INSERTING THEN
        :NEW.CREATION_DATE := SYSDATE;
        :NEW.CREATED_BY := USER;
        :NEW.LAST_UPDATE_DATE := SYSDATE;
        :NEW.LAST_UPDATED_BY := SYSDATE;
        
        IF :NEW.FECHA_NACIMIENTO > SYSDATE THEN
            RAISE_APPLICATION_ERROR(-20002, 'La fecha de nacimiento no puede ser futura');
        END IF;
    ELSIF UPDATING THEN
        :NEW.LAST_UPDATE_DATE := SYSDATE;
        :NEW.LAST_UPDATED_BY := SYSDATE;
    END IF;
END;
/

CREATE TABLE FIDE_ESTUDIANTES_TB(
    CEDULA NUMBER CONSTRAINT ESTUDIANTES_CEDULAE_PK PRIMARY KEY REFERENCES FIDE_PERSONAS_TB(CEDULA),
    ESTADO_ID NUMBER,
    ADECUACION_ID NUMBER,
    NOTAS_ID NUMBER,
    CREATED_BY VARCHAR2(100),
    CREATION_DATE DATE,
    LAST_UPDATED_BY DATE,
    LAST_UPDATE_DATE DATE,
    ESTADO VARCHAR2(50),
    ACCION VARCHAR2(50))
TABLESPACE TBS_SIS_MATRICULA;

CREATE OR REPLACE TRIGGER trg_estudiantes_audit
BEFORE INSERT OR UPDATE ON FIDE_ESTUDIANTES_TB
FOR EACH ROW
BEGIN
    IF INSERTING THEN
        :NEW.CREATION_DATE := SYSDATE;
        :NEW.CREATED_BY := USER;
        :NEW.LAST_UPDATE_DATE := SYSDATE;
        :NEW.LAST_UPDATED_BY := SYSDATE;
    ELSIF UPDATING THEN
        :NEW.LAST_UPDATE_DATE := SYSDATE;
        :NEW.LAST_UPDATED_BY := SYSDATE;
    END IF;
END;
/

CREATE TABLE FIDE_PROFESORES_TB(
    CEDULA NUMBER CONSTRAINT PROFESORES_CEDULAP_PK PRIMARY KEY REFERENCES FIDE_PERSONAS_TB(CEDULA),
    ESTADO_ID NUMBER,
    CREATED_BY VARCHAR2(100),
    CREATION_DATE DATE,
    LAST_UPDATED_BY DATE,
    LAST_UPDATE_DATE DATE,
    ESTADO VARCHAR2(50),
    ACCION VARCHAR2(50))
TABLESPACE TBS_SIS_MATRICULA;

CREATE OR REPLACE TRIGGER trg_profesores_audit
BEFORE INSERT OR UPDATE ON FIDE_PROFESORES_TB
FOR EACH ROW
BEGIN
    IF INSERTING THEN
        :NEW.CREATION_DATE := SYSDATE;
        :NEW.CREATED_BY := USER;
        :NEW.LAST_UPDATE_DATE := SYSDATE;
        :NEW.LAST_UPDATED_BY := SYSDATE;
    ELSIF UPDATING THEN
        :NEW.LAST_UPDATE_DATE := SYSDATE;
        :NEW.LAST_UPDATED_BY := SYSDATE;
    END IF;
END;
/

CREATE TABLE FIDE_ESTUDIANTE_PROFESOR_TB(
    ID_EP NUMBER CONSTRAINT ESTUDIANTE_PROFESOR_ID_EP_PK PRIMARY KEY,
    CEDULAE NUMBER,
    CEDULAP NUMBER,
    ESTADO_ID NUMBER,
    CREATED_BY VARCHAR2(100),
    CREATION_DATE DATE,
    LAST_UPDATED_BY DATE,
    LAST_UPDATE_DATE DATE,
    ESTADO VARCHAR2(50),
    ACCION VARCHAR2(50))
TABLESPACE TBS_SIS_MATRICULA;

CREATE OR REPLACE TRIGGER trg_est_prof_id
BEFORE INSERT ON FIDE_ESTUDIANTE_PROFESOR_TB
FOR EACH ROW
BEGIN
    IF :NEW.ID_EP IS NULL THEN
        :NEW.ID_EP := seq_est_prof_id.NEXTVAL;
    END IF;
    
    IF INSERTING THEN
        :NEW.CREATION_DATE := SYSDATE;
        :NEW.CREATED_BY := USER;
        :NEW.LAST_UPDATE_DATE := SYSDATE;
        :NEW.LAST_UPDATED_BY := SYSDATE;
    ELSIF UPDATING THEN
        :NEW.LAST_UPDATE_DATE := SYSDATE;
        :NEW.LAST_UPDATED_BY := SYSDATE;
    END IF;
END;
/

CREATE TABLE FIDE_HORARIO_TB(
    ID_HORARIO NUMBER CONSTRAINT HORARIO_ID_HORARIO_PK PRIMARY KEY,
    ESTADO_ID NUMBER,
    AULA_ID NUMBER,
    FECHA DATE,
    HORA TIMESTAMP,
    CREATED_BY VARCHAR2(100),
    CREATION_DATE DATE,
    LAST_UPDATED_BY DATE,
    LAST_UPDATE_DATE DATE,
    ESTADO VARCHAR2(50),
    ACCION VARCHAR2(50))
TABLESPACE TBS_SIS_MATRICULA;

CREATE OR REPLACE TRIGGER trg_horario_id
BEFORE INSERT ON FIDE_HORARIO_TB
FOR EACH ROW
BEGIN
    IF :NEW.ID_HORARIO IS NULL THEN
        :NEW.ID_HORARIO := seq_horario_id.NEXTVAL;
    END IF;
    
    IF INSERTING THEN
        :NEW.CREATION_DATE := SYSDATE;
        :NEW.CREATED_BY := USER;
        :NEW.LAST_UPDATE_DATE := SYSDATE;
        :NEW.LAST_UPDATED_BY := SYSDATE;
    ELSIF UPDATING THEN
        :NEW.LAST_UPDATE_DATE := SYSDATE;
        :NEW.LAST_UPDATED_BY := SYSDATE;
    END IF;
END;
/

CREATE TABLE FIDE_AULA_TB(
    ID_AULA NUMBER CONSTRAINT AULA_ID_PK PRIMARY KEY,
    ESTADO_ID NUMBER,
    AULA NUMBER,
    CREATED_BY VARCHAR2(100),
    CREATION_DATE DATE,
    LAST_UPDATED_BY DATE,
    LAST_UPDATE_DATE DATE,
    ESTADO VARCHAR2(50),
    ACCION VARCHAR2(50))
TABLESPACE TBS_SIS_MATRICULA;

CREATE OR REPLACE TRIGGER trg_aula_id
BEFORE INSERT ON FIDE_AULA_TB
FOR EACH ROW
BEGIN
    IF :NEW.ID_AULA IS NULL THEN
        :NEW.ID_AULA := seq_aula_id.NEXTVAL;
    END IF;
    
    IF INSERTING THEN
        :NEW.CREATION_DATE := SYSDATE;
        :NEW.CREATED_BY := USER;
        :NEW.LAST_UPDATE_DATE := SYSDATE;
        :NEW.LAST_UPDATED_BY := SYSDATE;
    ELSIF UPDATING THEN
        :NEW.LAST_UPDATE_DATE := SYSDATE;
        :NEW.LAST_UPDATED_BY := SYSDATE;
    END IF;
END;
/

CREATE TABLE FIDE_NOTAS_TB(
    ID_NOTAS NUMBER CONSTRAINT NOTAS_ID_NOTAS_PK PRIMARY KEY,
    ESTADO_ID NUMBER,
    CALIFICACION NUMBER,
    PORCENTAJE NUMBER,
    OBERSEVACIONES VARCHAR2(200),
    CREATED_BY VARCHAR2(100),
    CREATION_DATE DATE,
    LAST_UPDATED_BY DATE,
    LAST_UPDATE_DATE DATE,
    ESTADO VARCHAR2(50),
    ACCION VARCHAR2(50))
TABLESPACE TBS_SIS_MATRICULA;

CREATE OR REPLACE TRIGGER trg_notas_id
BEFORE INSERT ON FIDE_NOTAS_TB
FOR EACH ROW
BEGIN
    IF :NEW.ID_NOTAS IS NULL THEN
        :NEW.ID_NOTAS := seq_notas_id.NEXTVAL;
    END IF;
    
    IF INSERTING THEN
        :NEW.CREATION_DATE := SYSDATE;
        :NEW.CREATED_BY := USER;
        :NEW.LAST_UPDATE_DATE := SYSDATE;
        :NEW.LAST_UPDATED_BY := SYSDATE;
    ELSIF UPDATING THEN
        :NEW.LAST_UPDATE_DATE := SYSDATE;
        :NEW.LAST_UPDATED_BY := SYSDATE;
    END IF;
END;
/

CREATE TABLE FIDE_MATERIA_TB(
    ID_MATERIA NUMBER CONSTRAINT MATERIA_ID_MATERIA_PK PRIMARY KEY,
    ID_PROFESORES NUMBER,
    ESTADO_ID NUMBER,
    NOMBRE VARCHAR2(50),
    DESCRIPCION VARCHAR2(200),
    CREDITOS NUMBER,
    CREATED_BY VARCHAR2(100),
    CREATION_DATE DATE,
    LAST_UPDATED_BY DATE,
    LAST_UPDATE_DATE DATE,
    ESTADO VARCHAR2(50),
    ACCION VARCHAR2(50))
TABLESPACE TBS_SIS_MATRICULA;

CREATE OR REPLACE TRIGGER trg_materia_id
BEFORE INSERT ON FIDE_MATERIA_TB
FOR EACH ROW
BEGIN
    IF :NEW.ID_MATERIA IS NULL THEN
        :NEW.ID_MATERIA := seq_materia_id.NEXTVAL;
    END IF;
    
    IF INSERTING THEN
        :NEW.CREATION_DATE := SYSDATE;
        :NEW.CREATED_BY := USER;
        :NEW.LAST_UPDATE_DATE := SYSDATE;
        :NEW.LAST_UPDATED_BY := SYSDATE;
    ELSIF UPDATING THEN
        :NEW.LAST_UPDATE_DATE := SYSDATE;
        :NEW.LAST_UPDATED_BY := SYSDATE;
    END IF;
END;
/

CREATE TABLE FIDE_ESTUDIANTE_MATERIA_TB(
    ID_EM NUMBER CONSTRAINT ESTUDIANTE_MATERIA_ID_EM_PK PRIMARY KEY,
    ID_ESTUDIANTE NUMBER,
    ID_MATERIA NUMBER,
    ESTADO_ID NUMBER,
    CREATED_BY VARCHAR2(100),
    CREATION_DATE DATE,
    LAST_UPDATED_BY DATE,
    LAST_UPDATE_DATE DATE,
    ESTADO VARCHAR2(50),
    ACCION VARCHAR2(50))
TABLESPACE TBS_SIS_MATRICULA;

CREATE OR REPLACE TRIGGER trg_est_materia_id
BEFORE INSERT ON FIDE_ESTUDIANTE_MATERIA_TB
FOR EACH ROW
BEGIN
    IF :NEW.ID_EM IS NULL THEN
        :NEW.ID_EM := seq_est_materia_id.NEXTVAL;
    END IF;
    
    IF INSERTING THEN
        :NEW.CREATION_DATE := SYSDATE;
        :NEW.CREATED_BY := USER;
        :NEW.LAST_UPDATE_DATE := SYSDATE;
        :NEW.LAST_UPDATED_BY := SYSDATE;
    ELSIF UPDATING THEN
        :NEW.LAST_UPDATE_DATE := SYSDATE;
        :NEW.LAST_UPDATED_BY := SYSDATE;
    END IF;
END;
/

CREATE TABLE FIDE_MATERIAS_HORARIOS_TB(
    ID_MH NUMBER CONSTRAINT MATERIAS_HORARIOS_ID_MH_PK PRIMARY KEY,
    ID_MATERIA NUMBER,
    ID_HORARIO NUMBER,
    ESTADO_ID NUMBER,
    CREATED_BY VARCHAR2(100),
    CREATION_DATE DATE,
    LAST_UPDATED_BY DATE,
    LAST_UPDATE_DATE DATE,
    ESTADO VARCHAR2(50),
    ACCION VARCHAR2(50))
TABLESPACE TBS_SIS_MATRICULA;

CREATE OR REPLACE TRIGGER trg_mat_horario_id
BEFORE INSERT ON FIDE_MATERIAS_HORARIOS_TB
FOR EACH ROW
BEGIN
    IF :NEW.ID_MH IS NULL THEN
        :NEW.ID_MH := seq_mat_horario_id.NEXTVAL;
    END IF;
    
    IF INSERTING THEN
        :NEW.CREATION_DATE := SYSDATE;
        :NEW.CREATED_BY := USER;
        :NEW.LAST_UPDATE_DATE := SYSDATE;
        :NEW.LAST_UPDATED_BY := SYSDATE;
    ELSIF UPDATING THEN
        :NEW.LAST_UPDATE_DATE := SYSDATE;
        :NEW.LAST_UPDATED_BY := SYSDATE;
    END IF;
END;
/

CREATE TABLE FIDE_EMAIL_TB(
    ID_EMAIL NUMBER CONSTRAINT EMAIL_ID_EMAIL_PK PRIMARY KEY,
    ESTADO_ID NUMBER,
    CORREO_ELECTRONICO VARCHAR2(100),
    CREATED_BY VARCHAR2(100),
    CREATION_DATE DATE,
    LAST_UPDATED_BY DATE,
    LAST_UPDATE_DATE DATE,
    ESTADO VARCHAR2(50),
    ACCION VARCHAR2(50))
TABLESPACE TBS_SIS_MATRICULA;

CREATE OR REPLACE TRIGGER trg_email_id
BEFORE INSERT ON FIDE_EMAIL_TB
FOR EACH ROW
BEGIN
    IF :NEW.ID_EMAIL IS NULL THEN
        :NEW.ID_EMAIL := seq_email_id.NEXTVAL;
    END IF;
    
    IF INSERTING THEN
        :NEW.CREATION_DATE := SYSDATE;
        :NEW.CREATED_BY := USER;
        :NEW.LAST_UPDATE_DATE := SYSDATE;
        :NEW.LAST_UPDATED_BY := SYSDATE;
        
        IF :NEW.CORREO_ELECTRONICO NOT LIKE '%@%.%' THEN
            RAISE_APPLICATION_ERROR(-20001, 'Formato de correo electronico invalido');
        END IF;
    ELSIF UPDATING THEN
        :NEW.LAST_UPDATE_DATE := SYSDATE;
        :NEW.LAST_UPDATED_BY := SYSDATE;
    END IF;
END;
/

CREATE TABLE FIDE_TELEFONOS_TB (
    ID_TELEFONO NUMBER CONSTRAINT TELEFONOS_ID_TELEFONO_PK PRIMARY KEY,
    ESTADO_ID NUMBER,
    TELEFONO NUMBER,
    CREATED_BY VARCHAR2(100),
    CREATION_DATE DATE,
    LAST_UPDATED_BY DATE,
    LAST_UPDATE_DATE DATE,
    ESTADO VARCHAR2(50),
    ACCION VARCHAR2(50))
TABLESPACE TBS_SIS_MATRICULA;

CREATE OR REPLACE TRIGGER trg_telefono_id
BEFORE INSERT ON FIDE_TELEFONOS_TB
FOR EACH ROW
BEGIN
    IF :NEW.ID_TELEFONO IS NULL THEN
        :NEW.ID_TELEFONO := seq_telefono_id.NEXTVAL;
    END IF;
    
    IF INSERTING THEN
        :NEW.CREATION_DATE := SYSDATE;
        :NEW.CREATED_BY := USER;
        :NEW.LAST_UPDATE_DATE := SYSDATE;
        :NEW.LAST_UPDATED_BY := SYSDATE;
    ELSIF UPDATING THEN
        :NEW.LAST_UPDATE_DATE := SYSDATE;
        :NEW.LAST_UPDATED_BY := SYSDATE;
    END IF;
END;
/

CREATE TABLE FIDE_DIRECCIONES_TB(
    ID_DIRECCION NUMBER CONSTRAINT DIRECCIONES_ID_DIRECCIONES_PK PRIMARY KEY,
    CEDULA NUMBER,
    PROVINCIA_ID NUMBER,
    ESTADO_ID NUMBER,
    CREATED_BY VARCHAR2(100),
    CREATION_DATE DATE,
    LAST_UPDATED_BY DATE,
    LAST_UPDATE_DATE DATE,
    ESTADO VARCHAR2(50),
    ACCION VARCHAR2(50))
TABLESPACE TBS_SIS_MATRICULA;

CREATE OR REPLACE TRIGGER trg_direccion_id
BEFORE INSERT ON FIDE_DIRECCIONES_TB
FOR EACH ROW
BEGIN
    IF :NEW.ID_DIRECCION IS NULL THEN
        :NEW.ID_DIRECCION := seq_direccion_id.NEXTVAL;
    END IF;
    
    IF INSERTING THEN
        :NEW.CREATION_DATE := SYSDATE;
        :NEW.CREATED_BY := USER;
        :NEW.LAST_UPDATE_DATE := SYSDATE;
        :NEW.LAST_UPDATED_BY := SYSDATE;
    ELSIF UPDATING THEN
        :NEW.LAST_UPDATE_DATE := SYSDATE;
        :NEW.LAST_UPDATED_BY := SYSDATE;
    END IF;
END;
/

CREATE TABLE FIDE_PROVINCIA_TB(
    ID_PROVINCIA NUMBER CONSTRAINT PROVINCIA_ID_PK PRIMARY KEY,
    CANTON_ID NUMBER,
    ESTADO_ID NUMBER,
    NOMBRE_PROVINCIA VARCHAR2(50),
    CREATED_BY VARCHAR2(100),
    CREATION_DATE DATE,
    LAST_UPDATED_BY DATE,
    LAST_UPDATE_DATE DATE,
    ESTADO VARCHAR2(50),
    ACCION VARCHAR2(50))
TABLESPACE TBS_SIS_MATRICULA;

CREATE OR REPLACE TRIGGER trg_provincia_id
BEFORE INSERT ON FIDE_PROVINCIA_TB
FOR EACH ROW
BEGIN
    IF :NEW.ID_PROVINCIA IS NULL THEN
        :NEW.ID_PROVINCIA := seq_provincia_id.NEXTVAL;
    END IF;
    
    IF INSERTING THEN
        :NEW.CREATION_DATE := SYSDATE;
        :NEW.CREATED_BY := USER;
        :NEW.LAST_UPDATE_DATE := SYSDATE;
        :NEW.LAST_UPDATED_BY := SYSDATE;
    ELSIF UPDATING THEN
        :NEW.LAST_UPDATE_DATE := SYSDATE;
        :NEW.LAST_UPDATED_BY := SYSDATE;
    END IF;
END;
/

CREATE TABLE FIDE_CANTON_TB(
    ID_CANTON NUMBER CONSTRAINT CANTON_ID_PK PRIMARY KEY,
    DISTRITO_ID NUMBER,
    ESTADO_ID NUMBER,
    NOMBRE_CANTON VARCHAR2(50),
    CREATED_BY VARCHAR2(100),
    CREATION_DATE DATE,
    LAST_UPDATED_BY DATE,
    LAST_UPDATE_DATE DATE,
    ESTADO VARCHAR2(50),
    ACCION VARCHAR2(50))
TABLESPACE TBS_SIS_MATRICULA;

CREATE OR REPLACE TRIGGER trg_canton_id
BEFORE INSERT ON FIDE_CANTON_TB
FOR EACH ROW
BEGIN
    IF :NEW.ID_CANTON IS NULL THEN
        :NEW.ID_CANTON := seq_canton_id.NEXTVAL;
    END IF;
    
    IF INSERTING THEN
        :NEW.CREATION_DATE := SYSDATE;
        :NEW.CREATED_BY := USER;
        :NEW.LAST_UPDATE_DATE := SYSDATE;
        :NEW.LAST_UPDATED_BY := SYSDATE;
    ELSIF UPDATING THEN
        :NEW.LAST_UPDATE_DATE := SYSDATE;
        :NEW.LAST_UPDATED_BY := SYSDATE;
    END IF;
END;
/

CREATE TABLE FIDE_DISTRITO_TB(
    ID_DISTRITO NUMBER CONSTRAINT DISTRITO_ID_PK PRIMARY KEY,
    ESTADO_ID NUMBER,
    NOMBRE_DISTRITO VARCHAR2(50),
    CREATED_BY VARCHAR2(100),
    CREATION_DATE DATE,
    LAST_UPDATED_BY DATE,
    LAST_UPDATE_DATE DATE,
    ESTADO VARCHAR2(50),
    ACCION VARCHAR2(50))
TABLESPACE TBS_SIS_MATRICULA;

CREATE OR REPLACE TRIGGER trg_distrito_id
BEFORE INSERT ON FIDE_DISTRITO_TB
FOR EACH ROW
BEGIN
    IF :NEW.ID_DISTRITO IS NULL THEN
        :NEW.ID_DISTRITO := seq_distrito_id.NEXTVAL;
    END IF;
    
    IF INSERTING THEN
        :NEW.CREATION_DATE := SYSDATE;
        :NEW.CREATED_BY := USER;
        :NEW.LAST_UPDATE_DATE := SYSDATE;
        :NEW.LAST_UPDATED_BY := SYSDATE;
    ELSIF UPDATING THEN
        :NEW.LAST_UPDATE_DATE := SYSDATE;
        :NEW.LAST_UPDATED_BY := SYSDATE;
    END IF;
END;
/

CREATE TABLE FIDE_CONGELAMIENTO_TB(
    ID_CONGELAMIENTO NUMBER CONSTRAINT CONGELAMIENTO_ID_CONGELAMIENTO_PK PRIMARY KEY,
    ESTADO_ID NUMBER,
    MOTIVO VARCHAR2(100),
    CANTIDAD NUMBER,
    CREATED_BY VARCHAR2(100),
    CREATION_DATE DATE,
    LAST_UPDATED_BY DATE,
    LAST_UPDATE_DATE DATE,
    ESTADO VARCHAR2(50),
    ACCION VARCHAR2(50))
TABLESPACE TBS_SIS_MATRICULA;

CREATE OR REPLACE TRIGGER trg_congelamiento_id
BEFORE INSERT ON FIDE_CONGELAMIENTO_TB
FOR EACH ROW
BEGIN
    IF :NEW.ID_CONGELAMIENTO IS NULL THEN
        :NEW.ID_CONGELAMIENTO := seq_congelamiento_id.NEXTVAL;
    END IF;
    
    IF INSERTING THEN
        :NEW.CREATION_DATE := SYSDATE;
        :NEW.CREATED_BY := USER;
        :NEW.LAST_UPDATE_DATE := SYSDATE;
        :NEW.LAST_UPDATED_BY := SYSDATE;
    ELSIF UPDATING THEN
        :NEW.LAST_UPDATE_DATE := SYSDATE;
        :NEW.LAST_UPDATED_BY := SYSDATE;
    END IF;
END;
/

CREATE TABLE FIDE_TIPO_ADECUACION_TB(
    ID_TIPO_ADECUACION NUMBER CONSTRAINT TIPO_ADECUACION_ID_TA_PK PRIMARY KEY,
    ESTADO_ID NUMBER,
    TIPO VARCHAR2(150),
    CREATED_BY VARCHAR2(100),
    CREATION_DATE DATE,
    LAST_UPDATED_BY DATE,
    LAST_UPDATE_DATE DATE,
    ESTADO VARCHAR2(50),
    ACCION VARCHAR2(50))
TABLESPACE TBS_SIS_MATRICULA;

CREATE OR REPLACE TRIGGER trg_tipo_adecuacion_id
BEFORE INSERT ON FIDE_TIPO_ADECUACION_TB
FOR EACH ROW
BEGIN
    IF :NEW.ID_TIPO_ADECUACION IS NULL THEN
        :NEW.ID_TIPO_ADECUACION := seq_tipo_adecuacion_id.NEXTVAL;
    END IF;
    
    IF INSERTING THEN
        :NEW.CREATION_DATE := SYSDATE;
        :NEW.CREATED_BY := USER;
        :NEW.LAST_UPDATE_DATE := SYSDATE;
        :NEW.LAST_UPDATED_BY := SYSDATE;
    ELSIF UPDATING THEN
        :NEW.LAST_UPDATE_DATE := SYSDATE;
        :NEW.LAST_UPDATED_BY := SYSDATE;
    END IF;
END;
/

CREATE TABLE FIDE_ADECUACION_TB(
    ID_ADECUACION NUMBER CONSTRAINT ADECUACION_ID_ADECUACION_PK PRIMARY KEY,
    ID_TIPO_ADECUACION NUMBER,
    ESTADO_ID NUMBER,
    OBSERVACIONES VARCHAR2(200),
    CREATED_BY VARCHAR2(100),
    CREATION_DATE DATE,
    LAST_UPDATED_BY DATE,
    LAST_UPDATE_DATE DATE,
    ESTADO VARCHAR2(50),
    ACCION VARCHAR2(50))
TABLESPACE TBS_SIS_MATRICULA;

CREATE OR REPLACE TRIGGER trg_adecuacion_id
BEFORE INSERT ON FIDE_ADECUACION_TB
FOR EACH ROW
BEGIN
    IF :NEW.ID_ADECUACION IS NULL THEN
        :NEW.ID_ADECUACION := seq_adecuacion_id.NEXTVAL;
    END IF;
    
    IF INSERTING THEN
        :NEW.CREATION_DATE := SYSDATE;
        :NEW.CREATED_BY := USER;
        :NEW.LAST_UPDATE_DATE := SYSDATE;
        :NEW.LAST_UPDATED_BY := SYSDATE;
    ELSIF UPDATING THEN
        :NEW.LAST_UPDATE_DATE := SYSDATE;
        :NEW.LAST_UPDATED_BY := SYSDATE;
    END IF;
END;
/

--------------------------------------------------------------------
-- AUDITORIA
--------------------------------------------------------------------

--VER SI ESTA ACTIVA LA AUDITORIA
SHOW PARAMETER AUDIT_TRAIL;

--AUDITORIA POR TABLA
AUDIT SELECT, INSERT, UPDATE, DELETE ON PROYECTO.FIDE_ESTADO_TB BY ACCESS;
AUDIT SELECT, INSERT, UPDATE, DELETE ON PROYECTO.FIDE_TIPO_USUARIO_TB BY ACCESS;
AUDIT SELECT, INSERT, UPDATE, DELETE ON PROYECTO.FIDE_PERSONAS_TB BY ACCESS;
AUDIT SELECT, INSERT, UPDATE, DELETE ON PROYECTO.FIDE_ESTUDIANTES_TB BY ACCESS;
AUDIT SELECT, INSERT, UPDATE, DELETE ON PROYECTO.FIDE_PROFESORES_TB BY ACCESS;
AUDIT SELECT, INSERT, UPDATE, DELETE ON PROYECTO.FIDE_ESTUDIANTE_PROFESOR_TB BY ACCESS;
AUDIT SELECT, INSERT, UPDATE, DELETE ON PROYECTO.FIDE_HORARIO_TB BY ACCESS;
AUDIT SELECT, INSERT, UPDATE, DELETE ON PROYECTO.FIDE_AULA_TB BY ACCESS;
AUDIT SELECT, INSERT, UPDATE, DELETE ON PROYECTO.FIDE_NOTAS_TB BY ACCESS;
AUDIT SELECT, INSERT, UPDATE, DELETE ON PROYECTO.FIDE_MATERIA_TB BY ACCESS;
AUDIT SELECT, INSERT, UPDATE, DELETE ON PROYECTO.FIDE_ESTUDIANTE_MATERIA_TB BY ACCESS;
AUDIT SELECT, INSERT, UPDATE, DELETE ON PROYECTO.FIDE_MATERIAS_HORARIOS_TB BY ACCESS;
AUDIT SELECT, INSERT, UPDATE, DELETE ON PROYECTO.FIDE_EMAIL_TB BY ACCESS;
AUDIT SELECT, INSERT, UPDATE, DELETE ON PROYECTO.FIDE_TELEFONOS_TB BY ACCESS;
AUDIT SELECT, INSERT, UPDATE, DELETE ON PROYECTO.FIDE_DIRECCIONES_TB BY ACCESS;
AUDIT SELECT, INSERT, UPDATE, DELETE ON PROYECTO.FIDE_PROVINCIA_TB BY ACCESS;
AUDIT SELECT, INSERT, UPDATE, DELETE ON PROYECTO.FIDE_CANTON_TB BY ACCESS;
AUDIT SELECT, INSERT, UPDATE, DELETE ON PROYECTO.FIDE_DISTRITO_TB BY ACCESS;
AUDIT SELECT, INSERT, UPDATE, DELETE ON PROYECTO.FIDE_CONGELAMIENTO_TB BY ACCESS;
AUDIT SELECT, INSERT, UPDATE, DELETE ON PROYECTO.FIDE_TIPO_ADECUACION_TB BY ACCESS;
AUDIT SELECT, INSERT, UPDATE, DELETE ON PROYECTO.FIDE_ADECUACION_TB BY ACCESS;

--------------------------------------------------------------------
-- PROCEDIMIENTOS ALMACENADOS
--------------------------------------------------------------------

create or replace PROCEDURE EJECUTAR_CONSULTAS AS
    v_cursor SYS_REFCURSOR;
    v_cedula NUMBER := 123456789; -- Ejemplo de cedula
    v_id_materia NUMBER := 1; -- Ejemplo de ID materia

    -- Variables para mostrar resultados
    v_materia VARCHAR2(100);
    v_fecha DATE;
    v_hora TIMESTAMP;
    v_aula NUMBER;
    v_motivo VARCHAR2(100);
    v_periodos NUMBER;
    v_fecha_cong DATE;
    v_nombre_comp VARCHAR2(200);
    v_tipo_adec VARCHAR2(150);
    v_obs VARCHAR2(200);
    v_calificacion NUMBER;
    v_estado VARCHAR2(20);
BEGIN
    -- 1. Consultar horarios de un alumno
    DBMS_OUTPUT.PUT_LINE('=== HORARIOS DEL ALUMNO ===');
    SP_CONSULTAR_HORARIOS_ALUMNO(v_cedula, v_cursor);
    LOOP
        FETCH v_cursor INTO v_materia, v_fecha, v_hora, v_aula;
        EXIT WHEN v_cursor%NOTFOUND;
        DBMS_OUTPUT.PUT_LINE('Materia: ' || NVL(v_materia,'') || 
                             ', Fecha: ' || NVL(TO_CHAR(v_fecha, 'DD/MM/YYYY'),'') || 
                             ', Hora: ' || NVL(TO_CHAR(v_hora, 'HH24:MI'),'') || 
                             ', Aula: ' || NVL(TO_CHAR(v_aula),''));
    END LOOP;
    CLOSE v_cursor;

    -- 2. Consultar materias congeladas
    DBMS_OUTPUT.PUT_LINE('=== MATERIAS CONGELADAS ===');
    SP_MATERIAS_CONGELADAS_ALUMNO(v_cedula, v_cursor);
    LOOP
        FETCH v_cursor INTO v_materia, v_motivo, v_periodos, v_fecha_cong;
        EXIT WHEN v_cursor%NOTFOUND;
        DBMS_OUTPUT.PUT_LINE('Materia: ' || NVL(v_materia,'') || 
                             ', Motivo: ' || NVL(v_motivo,'') || 
                             ', Periodos: ' || NVL(TO_CHAR(v_periodos),'') || 
                             ', Fecha: ' || NVL(TO_CHAR(v_fecha_cong, 'DD/MM/YYYY'),''));
    END LOOP;
    CLOSE v_cursor;

    -- 3. Consultar estudiantes con adecuacion
    DBMS_OUTPUT.PUT_LINE('=== ESTUDIANTES CON ADECUACION ===');
    SP_ESTUDIANTES_CON_ADECUACION(v_cursor);
    LOOP
        FETCH v_cursor INTO v_cedula, v_nombre_comp, v_tipo_adec, v_obs;
        EXIT WHEN v_cursor%NOTFOUND;
        DBMS_OUTPUT.PUT_LINE('Estudiante: ' || NVL(v_nombre_comp,'') || 
                             ' (' || NVL(TO_CHAR(v_cedula),'') || '), ' || 
                             'Adecuacion: ' || NVL(v_tipo_adec,'') || 
                             ', Observaciones: ' || NVL(v_obs,''));
    END LOOP;
    CLOSE v_cursor;

    -- 4. Consultar aprobados/reprobados
    DBMS_OUTPUT.PUT_LINE('=== APROBADOS/REPROBADOS ===');
    SP_ESTUDIANTES_APROBADOS_REPROBADOS(v_id_materia, v_cursor);
    LOOP
        FETCH v_cursor INTO v_materia, v_cedula, v_nombre_comp, v_calificacion, v_estado, v_obs;
        EXIT WHEN v_cursor%NOTFOUND;
        DBMS_OUTPUT.PUT_LINE('Materia: ' || NVL(v_materia,'') || 
                             ', Estudiante: ' || NVL(v_nombre_comp,'') || 
                             ', Calificacion: ' || NVL(TO_CHAR(v_calificacion),'') || 
                             ', Estado: ' || NVL(v_estado,''));
    END LOOP;
    CLOSE v_cursor;
END;
/

create or replace PROCEDURE SP_ACTUALIZAR_ADECUACION(
    p_id_adecuacion      IN NUMBER,
    p_id_tipo_adecuacion IN NUMBER,
    p_observaciones      IN VARCHAR2
)
AS
BEGIN
    UPDATE FIDE_ADECUACION_TB
    SET ID_TIPO_ADECUACION = p_id_tipo_adecuacion,
        OBSERVACIONES = p_observaciones
    WHERE ID_ADECUACION = p_id_adecuacion;

    COMMIT;
    DBMS_OUTPUT.PUT_LINE('Adecuacion actualizada correctamente.');
EXCEPTION
    WHEN OTHERS THEN
        ROLLBACK;
        RAISE_APPLICATION_ERROR(-20002, 'Error al actualizar adecuacion: ' || SQLERRM);
END;
/

create or replace PROCEDURE SP_ACTUALIZAR_CONGELAMIENTO (
    p_id        IN NUMBER,
    p_motivo    IN VARCHAR2,
    p_cantidad  IN NUMBER
)
AS
BEGIN
    UPDATE FIDE_CONGELAMIENTO_TB
    SET MOTIVO = p_motivo,
        CANTIDAD = p_cantidad,
        LAST_UPDATE_DATE = SYSDATE
    WHERE ID_CONGELAMIENTO = p_id;

    COMMIT;
    DBMS_OUTPUT.PUT_LINE('? Congelamiento actualizado correctamente.');
EXCEPTION
    WHEN OTHERS THEN
        ROLLBACK;
        RAISE_APPLICATION_ERROR(-20002, '? Error al actualizar congelamiento: ' || SQLERRM);
END;
/

create or replace PROCEDURE SP_ACTUALIZAR_ESTUDIANTE (
    p_cedula            IN NUMBER,
    p_nombre            IN VARCHAR2,
    p_apellido1         IN VARCHAR2,
    p_apellido2         IN VARCHAR2,
    p_fecha_nacimiento  IN DATE,
    p_telefono          IN NUMBER,
    p_email             IN VARCHAR2
)
AS
    v_email_id     NUMBER;
    v_telefono_id  NUMBER;
BEGIN
    -- Obtener IDs relacionados
    SELECT EMAIL_ID, TELEFONO_ID INTO v_email_id, v_telefono_id
    FROM FIDE_PERSONAS_TB
    WHERE CEDULA = p_cedula;

    -- Actualizar persona
    UPDATE FIDE_PERSONAS_TB
    SET NOMBRE = p_nombre,
        PRIMER_APELLIDO = p_apellido1,
        SEGUNDO_APELLIDO = p_apellido2,
        FECHA_NACIMIENTO = p_fecha_nacimiento,
        LAST_UPDATE_DATE = SYSDATE
    WHERE CEDULA = p_cedula;

    -- Actualizar email
    UPDATE FIDE_EMAIL_TB
    SET CORREO_ELECTRONICO = p_email,
        LAST_UPDATE_DATE = SYSDATE
    WHERE ID_EMAIL = v_email_id;

    -- Actualizar telefono
    UPDATE FIDE_TELEFONOS_TB
    SET TELEFONO = p_telefono,
        LAST_UPDATE_DATE = SYSDATE
    WHERE ID_TELEFONO = v_telefono_id;

    DBMS_OUTPUT.PUT_LINE('Datos del estudiante actualizados correctamente.');

EXCEPTION
    WHEN NO_DATA_FOUND THEN
        DBMS_OUTPUT.PUT_LINE('Estudiante no encontrado.');
    WHEN OTHERS THEN
        DBMS_OUTPUT.PUT_LINE('Error al actualizar estudiante: ' || SQLERRM);
END;
/

create or replace PROCEDURE SP_ACTUALIZAR_HORARIO(
    p_id_horario IN NUMBER,
    p_aula_id IN NUMBER,
    p_fecha IN DATE,
    p_hora IN TIMESTAMP
)
AS
BEGIN
    UPDATE FIDE_HORARIO_TB
    SET AULA_ID = p_aula_id,
        FECHA = p_fecha,
        HORA = p_hora,
        LAST_UPDATE_DATE = SYSDATE
    WHERE ID_HORARIO = p_id_horario;

    COMMIT;
    DBMS_OUTPUT.PUT_LINE('Horario actualizado correctamente.');
EXCEPTION
    WHEN OTHERS THEN
        ROLLBACK;
        RAISE_APPLICATION_ERROR(-20002, 'Error al actualizar horario: ' || SQLERRM);
END;
/

create or replace PROCEDURE SP_ACTUALIZAR_MATERIA(
    p_id_materia    IN NUMBER,
    p_nombre        IN VARCHAR2,
    p_descripcion   IN VARCHAR2,
    p_creditos      IN NUMBER,
    p_id_profesor   IN NUMBER
)
AS
BEGIN
    UPDATE FIDE_MATERIA_TB
    SET 
        NOMBRE = p_nombre,
        DESCRIPCION = p_descripcion,
        CREDITOS = p_creditos,
        ID_PROFESORES = p_id_profesor,
        LAST_UPDATE_DATE = SYSDATE
    WHERE ID_MATERIA = p_id_materia;

    COMMIT;
    DBMS_OUTPUT.PUT_LINE('Materia actualizada correctamente.');
EXCEPTION
    WHEN OTHERS THEN
        ROLLBACK;
        RAISE_APPLICATION_ERROR(-20002, 'Error al actualizar materia: ' || SQLERRM);
END;
/

create or replace PROCEDURE SP_ACTUALIZAR_MATRICULA(
    p_cedula     IN NUMBER,
    p_id_materia IN NUMBER,
    p_id_horario IN NUMBER
)
AS
BEGIN
    UPDATE FIDE_ESTUDIANTE_MATERIA_TB
    SET ACCION = 'Matricula actualizada desde formulario web',
        LAST_UPDATE_DATE = SYSDATE
    WHERE ID_ESTUDIANTE = p_cedula
      AND ID_MATERIA = p_id_materia
      AND ESTADO = 'ACTIVO';

    COMMIT;
    DBMS_OUTPUT.PUT_LINE('Matricula actualizada correctamente.');
EXCEPTION
    WHEN OTHERS THEN
        ROLLBACK;
        RAISE_APPLICATION_ERROR(-20004, 'Error al actualizar matricula: ' || SQLERRM);
END;
/

create or replace PROCEDURE SP_ACTUALIZAR_NOTA(
    p_cedula IN NUMBER,
    p_calificacion IN NUMBER,
    p_porcentaje IN NUMBER,
    p_observaciones IN VARCHAR2
)
IS
    v_existe    NUMBER := 0;
    v_nota_id   NUMBER;
BEGIN
    -- Verificar si el estudiante existe y tiene al menos una materia asociada
    SELECT COUNT(*) INTO v_existe
    FROM FIDE_ESTUDIANTES_TB E
    JOIN FIDE_ESTUDIANTE_MATERIA_TB EM ON E.CEDULA = EM.ID_ESTUDIANTE
    WHERE E.CEDULA = p_cedula;

    IF v_existe = 0 THEN
        DBMS_OUTPUT.PUT_LINE('El estudiante no tiene materias asignadas.');
        RETURN;
    END IF;

    -- Verificar si ya tiene una nota asignada
    SELECT E.NOTAS_ID INTO v_nota_id
    FROM FIDE_ESTUDIANTES_TB E
    WHERE E.CEDULA = p_cedula AND ROWNUM = 1;

    IF v_nota_id IS NOT NULL THEN
        -- Actualizar la nota existente
        UPDATE FIDE_NOTAS_TB
        SET CALIFICACION = p_calificacion,
            PORCENTAJE = p_porcentaje,
            OBSERVACIONES = p_observaciones,
            LAST_UPDATE_DATE = SYSDATE
        WHERE ID_NOTAS = v_nota_id;

        DBMS_OUTPUT.PUT_LINE('Nota actualizada correctamente.');
    ELSE
        -- Insertar nueva nota y actualizar ID en el estudiante
        SELECT NVL(MAX(ID_NOTAS), 0) + 1 INTO v_nota_id FROM FIDE_NOTAS_TB;

        INSERT INTO FIDE_NOTAS_TB (
            ID_NOTAS, ESTADO_ID, CALIFICACION, PORCENTAJE, OBSERVACIONES, ESTADO
        ) VALUES (
            v_nota_id, 1, p_calificacion, p_porcentaje, p_observaciones, 'ACTIVO'
        );

        UPDATE FIDE_ESTUDIANTES_TB
        SET NOTAS_ID = v_nota_id
        WHERE CEDULA = p_cedula;

        DBMS_OUTPUT.PUT_LINE('Nota registrada y asociada correctamente.');
    END IF;

EXCEPTION
    WHEN NO_DATA_FOUND THEN
        DBMS_OUTPUT.PUT_LINE('No se encontró el estudiante.');
    WHEN OTHERS THEN
        DBMS_OUTPUT.PUT_LINE('Error al actualizar nota: ' || SQLERRM);
END SP_ACTUALIZAR_NOTA;
/

create or replace PROCEDURE SP_CONSULTAR_HORARIOS_ALUMNO (
    p_cedula IN NUMBER,
    p_cursor OUT SYS_REFCURSOR
) AS
BEGIN
    OPEN p_cursor FOR
    SELECT m.NOMBRE AS MATERIA, h.FECHA, h.HORA, a.AULA AS NUMERO_AULA
    FROM FIDE_ESTUDIANTE_MATERIA_TB em
    JOIN FIDE_MATERIA_TB m ON em.ID_MATERIA = m.ID_MATERIA
    JOIN FIDE_MATERIAS_HORARIOS_TB mh ON m.ID_MATERIA = mh.ID_MATERIA
    JOIN FIDE_HORARIO_TB h ON mh.ID_HORARIO = h.ID_HORARIO
    JOIN FIDE_AULA_TB a ON h.AULA_ID = a.ID_AULA
    WHERE em.ID_ESTUDIANTE = p_cedula
    ORDER BY h.FECHA, h.HORA;

    DBMS_OUTPUT.PUT_LINE('Horarios consultados exitosamente para el estudiante: ' || p_cedula);
EXCEPTION
    WHEN OTHERS THEN
        DBMS_OUTPUT.PUT_LINE('Error al consultar horarios: ' || SQLERRM);
END;
/

create or replace PROCEDURE SP_ELIMINAR_ADECUACION(
    p_id_adecuacion IN NUMBER
)
AS
BEGIN
    UPDATE FIDE_ADECUACION_TB
    SET ESTADO = 'INACTIVO',
        ESTADO_ID = 0,
        ACCION = 'Eliminacion logica'
    WHERE ID_ADECUACION = p_id_adecuacion;

    COMMIT;
    DBMS_OUTPUT.PUT_LINE('Adecuacion eliminada logicamente.');
EXCEPTION
    WHEN OTHERS THEN
        ROLLBACK;
        RAISE_APPLICATION_ERROR(-20003, 'Error al eliminar adecuacion: ' || SQLERRM);
END;
/

create or replace PROCEDURE SP_ELIMINAR_CONGELAMIENTO (
    p_id IN NUMBER
)
AS
BEGIN
    UPDATE FIDE_CONGELAMIENTO_TB
    SET ESTADO = 'INACTIVO',
        ESTADO_ID = 0,
        LAST_UPDATE_DATE = SYSDATE,
        ACCION = 'Eliminacion logica'
    WHERE ID_CONGELAMIENTO = p_id;

    COMMIT;
    DBMS_OUTPUT.PUT_LINE('? Congelamiento eliminado logicamente.');
EXCEPTION
    WHEN OTHERS THEN
        ROLLBACK;
        RAISE_APPLICATION_ERROR(-20003, '? Error al eliminar congelamiento: ' || SQLERRM);
END;
/

create or replace PROCEDURE SP_ELIMINAR_ESTUDIANTE (
    p_cedula IN NUMBER
)
AS
    v_email_id     NUMBER;
    v_telefono_id  NUMBER;
BEGIN
    -- Obtener IDs relacionados
    SELECT EMAIL_ID, TELEFONO_ID INTO v_email_id, v_telefono_id
    FROM FIDE_PERSONAS_TB
    WHERE CEDULA = p_cedula;

    -- Eliminar lógico en FIDE_ESTUDIANTES_TB
    UPDATE FIDE_ESTUDIANTES_TB
    SET ESTADO = 'INACTIVO',
        ESTADO_ID = 2,
        LAST_UPDATE_DATE = SYSDATE
    WHERE CEDULA = p_cedula;

    -- Eliminar lógico en FIDE_PERSONAS_TB
    UPDATE FIDE_PERSONAS_TB
    SET ESTADO = 'INACTIVO',
        ESTADO_ID = 2,
        LAST_UPDATE_DATE = SYSDATE
    WHERE CEDULA = p_cedula;

    -- Eliminar lógico en FIDE_EMAIL_TB
    UPDATE FIDE_EMAIL_TB
    SET ESTADO = 'INACTIVO',
        ESTADO_ID = 2,
        LAST_UPDATE_DATE = SYSDATE
    WHERE ID_EMAIL = v_email_id;

    -- Eliminar lógico en FIDE_TELEFONOS_TB
    UPDATE FIDE_TELEFONOS_TB
    SET ESTADO = 'INACTIVO',
        ESTADO_ID = 2,
        LAST_UPDATE_DATE = SYSDATE
    WHERE ID_TELEFONO = v_telefono_id;

    COMMIT;
    DBMS_OUTPUT.PUT_LINE('Estudiante eliminado lógicamente.');
EXCEPTION
    WHEN NO_DATA_FOUND THEN
        DBMS_OUTPUT.PUT_LINE('Estudiante no encontrado.');
    WHEN OTHERS THEN
        ROLLBACK;
        RAISE_APPLICATION_ERROR(-20001, 'Error al eliminar estudiante: ' || SQLERRM);
END;
/

create or replace PROCEDURE SP_ELIMINAR_HORARIO(
    p_id_horario IN NUMBER
)
AS
BEGIN
    UPDATE FIDE_HORARIO_TB
    SET ESTADO = 'INACTIVO',
        ESTADO_ID = 2,  -- ? ID válido existente en la tabla de estados
        LAST_UPDATE_DATE = SYSDATE,
        ACCION = 'Eliminacion logica'
    WHERE ID_HORARIO = p_id_horario;

    COMMIT;
    DBMS_OUTPUT.PUT_LINE('Horario eliminado lógicamente.');
EXCEPTION
    WHEN OTHERS THEN
        ROLLBACK;
        RAISE_APPLICATION_ERROR(-20003, 'Error al eliminar horario: ' || SQLERRM);
END;
/

create or replace PROCEDURE SP_ELIMINAR_MATERIA(
    p_id_materia IN NUMBER
)
AS
BEGIN
    UPDATE FIDE_MATERIA_TB
    SET ESTADO = 'INACTIVO',
        ESTADO_ID = 2,  -- ? Usa un ID válido
        LAST_UPDATE_DATE = SYSDATE
    WHERE ID_MATERIA = p_id_materia;

    COMMIT;
    DBMS_OUTPUT.PUT_LINE('Materia eliminada logicamente.');
EXCEPTION
    WHEN OTHERS THEN
        ROLLBACK;
        RAISE_APPLICATION_ERROR(-20003, 'Error al eliminar materia: ' || SQLERRM);
END;
/

create or replace PROCEDURE SP_ELIMINAR_MATRICULA(
    p_cedula     IN NUMBER,
    p_id_materia IN NUMBER
)
AS
BEGIN
    UPDATE FIDE_ESTUDIANTE_MATERIA_TB
    SET ESTADO = 'INACTIVO',
        ESTADO_ID = 0,
        ACCION = 'Eliminacion logica desde formulario web',
        LAST_UPDATE_DATE = SYSDATE
    WHERE ID_ESTUDIANTE = p_cedula
      AND ID_MATERIA = p_id_materia
      AND ESTADO = 'ACTIVO';

    COMMIT;
    DBMS_OUTPUT.PUT_LINE('Matricula eliminada logicamente.');
EXCEPTION
    WHEN OTHERS THEN
        ROLLBACK;
        RAISE_APPLICATION_ERROR(-20005, 'Error al eliminar matricula: ' || SQLERRM);
END;
/

create or replace PROCEDURE SP_ELIMINAR_PROFESOR(
    p_cedula IN NUMBER
)
AS
BEGIN
    UPDATE FIDE_PROFESORES_TB
    SET ESTADO = 'INACTIVO',
        ESTADO_ID = 2,
        LAST_UPDATE_DATE = SYSDATE,
        ACCION = 'Eliminacion logica'
    WHERE CEDULA = p_cedula;

    COMMIT;
    DBMS_OUTPUT.PUT_LINE('Profesor eliminado logicamente.');
EXCEPTION
    WHEN OTHERS THEN
        ROLLBACK;
        RAISE_APPLICATION_ERROR(-20003, 'Error al eliminar profesor: ' || SQLERRM);
END;
/

create or replace PROCEDURE SP_ESTUDIANTES_APROBADOS_REPROBADOS (
    p_id_materia IN NUMBER DEFAULT NULL,
    p_cursor OUT SYS_REFCURSOR
) AS
BEGIN
    OPEN p_cursor FOR
    SELECT m.NOMBRE AS MATERIA, 
           p.CEDULA, 
           p.NOMBRE || ' ' || p.PRIMER_APELLIDO AS ESTUDIANTE,
           n.CALIFICACION,
           CASE WHEN n.CALIFICACION >= 70 THEN 'APROBADO' ELSE 'REPROBADO' END AS ESTADO,
           n.OBSERVACIONES
    FROM FIDE_NOTAS_TB n
    JOIN FIDE_ESTUDIANTES_TB e ON n.ID_NOTAS = e.NOTAS_ID
    JOIN FIDE_PERSONAS_TB p ON e.CEDULA = p.CEDULA
    JOIN FIDE_ESTUDIANTE_MATERIA_TB em ON e.CEDULA = em.ID_ESTUDIANTE
    JOIN FIDE_MATERIA_TB m ON em.ID_MATERIA = m.ID_MATERIA
    WHERE (p_id_materia IS NULL OR m.ID_MATERIA = p_id_materia)
    ORDER BY m.NOMBRE, 
             CASE WHEN n.CALIFICACION >= 70 THEN 0 ELSE 1 END,
             p.PRIMER_APELLIDO, p.NOMBRE;

    DBMS_OUTPUT.PUT_LINE('Consulta de aprobados/reprobados realizada exitosamente');
EXCEPTION
    WHEN OTHERS THEN
        DBMS_OUTPUT.PUT_LINE('Error al consultar aprobados/reprobados: ' || SQLERRM);
END;
/

create or replace PROCEDURE SP_ESTUDIANTES_CON_ADECUACION (
    p_cursor OUT SYS_REFCURSOR
) AS
BEGIN
    OPEN p_cursor FOR
    SELECT p.CEDULA, p.NOMBRE || ' ' || p.PRIMER_APELLIDO AS NOMBRE_COMPLETO, 
           ta.TIPO AS TIPO_ADECUACION, a.OBSERVACIONES
    FROM FIDE_PERSONAS_TB p
    JOIN FIDE_ESTUDIANTES_TB e ON p.CEDULA = e.CEDULA
    JOIN FIDE_ADECUACION_TB a ON e.ADECUACION_ID = a.ID_ADECUACION
    JOIN FIDE_TIPO_ADECUACION_TB ta ON a.ID_TIPO_ADECUACION = ta.ID_TIPO_ADECUACION
    ORDER BY p.PRIMER_APELLIDO, p.NOMBRE;

    DBMS_OUTPUT.PUT_LINE('Estudiantes con adecuacion consultados exitosamente');
EXCEPTION
    WHEN OTHERS THEN
        DBMS_OUTPUT.PUT_LINE('Error al consultar estudiantes con adecuacion: ' || SQLERRM);
END;
/

create or replace PROCEDURE SP_INSERTAR_ADECUACION(
    p_id_tipo_adecuacion IN NUMBER,
    p_observaciones      IN VARCHAR2
)
AS
    v_id_adecuacion NUMBER;
BEGIN
    SELECT NVL(MAX(ID_ADECUACION), 0) + 1 INTO v_id_adecuacion FROM FIDE_ADECUACION_TB;

    INSERT INTO FIDE_ADECUACION_TB (
        ID_ADECUACION, ID_TIPO_ADECUACION, ESTADO_ID, OBSERVACIONES,
         ESTADO, ACCION
    ) VALUES (
        v_id_adecuacion, p_id_tipo_adecuacion, 1, p_observaciones,
        'ACTIVO', 'Creacion'
    );

    COMMIT;
    DBMS_OUTPUT.PUT_LINE('Adecuacion registrada correctamente.');
EXCEPTION
    WHEN OTHERS THEN
        ROLLBACK;
        RAISE_APPLICATION_ERROR(-20001, 'Error al insertar adecuacion: ' || SQLERRM);
END;
/

create or replace PROCEDURE SP_INSERTAR_CONGELAMIENTO (
    p_motivo   IN VARCHAR2,
    p_cantidad IN NUMBER
)
AS
    v_id NUMBER;
BEGIN
    SELECT NVL(MAX(ID_CONGELAMIENTO), 0) + 1 INTO v_id FROM FIDE_CONGELAMIENTO_TB;

    INSERT INTO FIDE_CONGELAMIENTO_TB (
        ID_CONGELAMIENTO, ESTADO_ID, MOTIVO, CANTIDAD, ESTADO, ACCION
    ) VALUES (
        v_id, 1, p_motivo, p_cantidad, 'ACTIVO', 'Creacion'
    );

    COMMIT;
    DBMS_OUTPUT.PUT_LINE('? Congelamiento insertado correctamente.');
EXCEPTION
    WHEN OTHERS THEN
        ROLLBACK;
        RAISE_APPLICATION_ERROR(-20001, '? Error al insertar congelamiento: ' || SQLERRM);
END;
/

create or replace PROCEDURE SP_INSERTAR_ESTUDIANTE(
    p_cedula        IN NUMBER,
    p_nombre        IN VARCHAR2,
    p_apellido1     IN VARCHAR2,
    p_apellido2     IN VARCHAR2,
    p_fecha_nacimiento IN DATE,
    p_telefono      IN VARCHAR2,
    p_email         IN VARCHAR2,
    p_provincia     IN VARCHAR2,
    p_tipo_id       IN NUMBER
)
IS
    v_id_telefono   NUMBER;
    v_id_email      NUMBER;
    v_id_direccion  NUMBER;
    v_id_provincia  NUMBER;
    v_count         NUMBER;
BEGIN
    -- Validar si la cédula ya existe
    SELECT COUNT(*) INTO v_count
    FROM FIDE_PERSONAS_TB
    WHERE CEDULA = p_cedula;

    IF v_count > 0 THEN
        RAISE_APPLICATION_ERROR(-20005, 'La cédula ya existe: ' || p_cedula);
    END IF;

    -- Buscar o insertar el teléfono
    BEGIN
        SELECT ID_TELEFONO INTO v_id_telefono
        FROM FIDE_TELEFONOS_TB
        WHERE TELEFONO = p_telefono AND ROWNUM = 1;
    EXCEPTION
        WHEN NO_DATA_FOUND THEN
            SELECT NVL(MAX(ID_TELEFONO), 0) + 1 INTO v_id_telefono FROM FIDE_TELEFONOS_TB;
            INSERT INTO FIDE_TELEFONOS_TB (ID_TELEFONO, TELEFONO, ESTADO_ID, ESTADO, ACCION)
            VALUES (v_id_telefono, p_telefono, 1, 'ACTIVO', 'Creacion');
    END;

    -- Buscar o insertar el email
    BEGIN
        SELECT ID_EMAIL INTO v_id_email
        FROM FIDE_EMAIL_TB
        WHERE CORREO_ELECTRONICO = p_email AND ROWNUM = 1;
    EXCEPTION
        WHEN NO_DATA_FOUND THEN
            SELECT NVL(MAX(ID_EMAIL), 0) + 1 INTO v_id_email FROM FIDE_EMAIL_TB;
            INSERT INTO FIDE_EMAIL_TB (ID_EMAIL, CORREO_ELECTRONICO, ESTADO_ID, ESTADO, ACCION)
            VALUES (v_id_email, p_email, 1, 'ACTIVO', 'Creacion');
    END;

    -- Validar existencia de provincia
    BEGIN
        SELECT ID_PROVINCIA INTO v_id_provincia 
        FROM FIDE_PROVINCIA_TB 
        WHERE NOMBRE_PROVINCIA = p_provincia;
    EXCEPTION
        WHEN NO_DATA_FOUND THEN
            RAISE_APPLICATION_ERROR(-20002, 'Provincia no encontrada: ' || p_provincia);
    END;

    -- Insertar en FIDE_PERSONAS_TB
    INSERT INTO FIDE_PERSONAS_TB (
        CEDULA, NOMBRE, PRIMER_APELLIDO, SEGUNDO_APELLIDO,
        FECHA_NACIMIENTO, TELEFONO_ID, EMAIL_ID, ESTADO_ID,
        ESTADO, ACCION, TIPO_ID
    )
    VALUES (
        p_cedula, p_nombre, p_apellido1, p_apellido2,
        p_fecha_nacimiento, v_id_telefono, v_id_email, 1,
        'ACTIVO', 'Creacion', p_tipo_id
    );

    -- Insertar en FIDE_ESTUDIANTES_TB
    INSERT INTO FIDE_ESTUDIANTES_TB (CEDULA, ESTADO_ID, ESTADO, ACCION)
    VALUES (p_cedula, 1, 'ACTIVO', 'Creacion');

    -- Insertar en FIDE_DIRECCIONES_TB
    SELECT NVL(MAX(ID_DIRECCION), 0) + 1 INTO v_id_direccion FROM FIDE_DIRECCIONES_TB;
    INSERT INTO FIDE_DIRECCIONES_TB (
        ID_DIRECCION, CEDULA, PROVINCIA_ID,
        ESTADO_ID, ESTADO, ACCION, CREATED_BY, CREATION_DATE
    )
    VALUES (
        v_id_direccion, p_cedula, v_id_provincia,
        1, 'ACTIVO', 'Creacion', USER, SYSDATE
    );

    -- Actualizar FIDE_PERSONAS_TB con la dirección
    UPDATE FIDE_PERSONAS_TB
    SET DIRECCIONES_ID = v_id_direccion
    WHERE CEDULA = p_cedula;

    COMMIT;
    DBMS_OUTPUT.PUT_LINE('Estudiante insertado correctamente.');

EXCEPTION
    WHEN OTHERS THEN
        ROLLBACK;
        RAISE_APPLICATION_ERROR(-20001, 'Error en SP_INSERTAR_ESTUDIANTE: ' || SQLERRM);
END SP_INSERTAR_ESTUDIANTE;
/

create or replace PROCEDURE SP_INSERTAR_HORARIO(
    p_aula_id IN NUMBER,
    p_fecha IN DATE,
    p_hora IN TIMESTAMP
)
AS
    v_id_horario NUMBER;
BEGIN
    SELECT NVL(MAX(ID_HORARIO), 0) + 1 INTO v_id_horario FROM FIDE_HORARIO_TB;

    INSERT INTO FIDE_HORARIO_TB (
        ID_HORARIO, AULA_ID, FECHA, HORA, ESTADO_ID, ESTADO, ACCION
    ) VALUES (
        v_id_horario, p_aula_id, p_fecha, p_hora, 1, 'ACTIVO', 'Creacion'
    );

    COMMIT;
    DBMS_OUTPUT.PUT_LINE('Horario insertado correctamente.');
EXCEPTION
    WHEN OTHERS THEN
        ROLLBACK;
        RAISE_APPLICATION_ERROR(-20001, 'Error al insertar horario: ' || SQLERRM);
END;
/

create or replace PROCEDURE SP_INSERTAR_MATERIA(
    p_nombre        IN VARCHAR2,
    p_descripcion   IN VARCHAR2,
    p_creditos      IN NUMBER,
    p_id_profesor   IN NUMBER
)
AS
    v_id_materia NUMBER;
BEGIN
    SELECT NVL(MAX(ID_MATERIA), 0) + 1 INTO v_id_materia FROM FIDE_MATERIA_TB;

    INSERT INTO FIDE_MATERIA_TB (
        ID_MATERIA, NOMBRE, DESCRIPCION, CREDITOS, ID_PROFESORES,
        ESTADO_ID, ESTADO, ACCION
    ) VALUES (
        v_id_materia, p_nombre, p_descripcion, p_creditos, p_id_profesor,
        1, 'ACTIVO', 'Creacion desde formulario'
    );

    COMMIT;
END;
/

create or replace PROCEDURE SP_INSERTAR_PROFESOR(
    p_cedula IN NUMBER
)
AS
BEGIN
    INSERT INTO FIDE_PROFESORES_TB (
        CEDULA, ESTADO_ID, ESTADO, ACCION
    ) VALUES (
        p_cedula, 1, 'ACTIVO', 'Creacion'
    );

    COMMIT;
    DBMS_OUTPUT.PUT_LINE('Profesor insertado correctamente.');
EXCEPTION
    WHEN OTHERS THEN
        ROLLBACK;
        RAISE_APPLICATION_ERROR(-20001, 'Error al insertar profesor: ' || SQLERRM);
END;
/

create or replace PROCEDURE SP_LISTAR_ADECUACIONES (
    p_cursor OUT SYS_REFCURSOR
) AS
BEGIN
    OPEN p_cursor FOR
    SELECT 
        A.ID_ADECUACION,
        A.ID_TIPO_ADECUACION,
        A.OBSERVACIONES
    FROM FIDE_ADECUACION_TB A
    WHERE UPPER(A.ESTADO) = 'ACTIVO'
    ORDER BY A.ID_ADECUACION;
END;
/

create or replace PROCEDURE SP_LISTAR_CANTONES (
    p_cursor OUT SYS_REFCURSOR
) AS
BEGIN
    OPEN p_cursor FOR
    SELECT DISTINCT NOMBRE_CANTON
    FROM FIDE_CANTON_TB
    ORDER BY NOMBRE_CANTON;
END;
/

create or replace PROCEDURE SP_LISTAR_CONGELAMIENTOS (
    p_cursor OUT SYS_REFCURSOR
) AS
BEGIN
    OPEN p_cursor FOR
    SELECT 
        ID_CONGELAMIENTO,
        MOTIVO,
        CANTIDAD,
        ESTADO,
        ACCION
    FROM FIDE_CONGELAMIENTO_TB
    WHERE ESTADO = 'ACTIVO'
    ORDER BY ID_CONGELAMIENTO;
END;
/

create or replace PROCEDURE SP_LISTAR_DISTRITOS (
    p_cursor OUT SYS_REFCURSOR
) AS
BEGIN
    OPEN p_cursor FOR
    SELECT DISTINCT NOMBRE_DISTRITO
    FROM FIDE_DISTRITO_TB
    ORDER BY NOMBRE_DISTRITO;
END;
/

create or replace PROCEDURE SP_LISTAR_HORARIOS (
    p_cursor OUT SYS_REFCURSOR
) AS
BEGIN
    OPEN p_cursor FOR
    SELECT 
        ID_HORARIO,
        AULA_ID,
        TO_CHAR(FECHA, 'YYYY-MM-DD') AS FECHA,
        TO_CHAR(HORA, 'HH24:MI') AS HORA, -- ? Con el formato correcto
        ESTADO
    FROM FIDE_HORARIO_TB
    WHERE UPPER(ESTADO) = 'ACTIVO'
    ORDER BY FECHA, HORA;
END;
/

create or replace PROCEDURE SP_LISTAR_MATERIAS_HORARIOS
AS
BEGIN
    -- Retorna materias con su horario y aula asignada
    FOR R IN (
        SELECT 
            M.ID_MATERIA,
            M.NOMBRE AS NOMBRE_MATERIA,
            H.ID_HORARIO,
            H.FECHA,
            H.HORA,
            A.AULA AS NUMERO_AULA
        FROM FIDE_MATERIA_TB M
        JOIN FIDE_MATERIAS_HORARIOS_TB MH ON M.ID_MATERIA = MH.ID_MATERIA
        JOIN FIDE_HORARIO_TB H ON MH.ID_HORARIO = H.ID_HORARIO
        JOIN FIDE_AULA_TB A ON H.AULA_ID = A.ID_AULA
        ORDER BY M.ID_MATERIA, H.FECHA, H.HORA
    )
    LOOP
        DBMS_OUTPUT.PUT_LINE(
            'Materia: ' || R.NOMBRE_MATERIA || 
            ', Horario: ' || TO_CHAR(R.FECHA, 'DD-MM-YYYY') || ' ' || TO_CHAR(R.HORA, 'HH24:MI') || 
            ', Aula: ' || R.NUMERO_AULA
        );
    END LOOP;
END;
/

create or replace PROCEDURE SP_LISTAR_MATRICULAS (
    p_cursor OUT SYS_REFCURSOR
)
AS
BEGIN
    OPEN p_cursor FOR
    SELECT 
        EM.ID_EM,
        EM.ID_ESTUDIANTE,
        P.NOMBRE || ' ' || P.PRIMER_APELLIDO || ' ' || P.SEGUNDO_APELLIDO AS NOMBRE_ESTUDIANTE,
        EM.ID_MATERIA,
        M.NOMBRE AS NOMBRE_MATERIA,
        EM.ESTADO
    FROM FIDE_ESTUDIANTE_MATERIA_TB EM
    JOIN FIDE_PERSONAS_TB P ON EM.ID_ESTUDIANTE = P.CEDULA
    JOIN FIDE_MATERIA_TB M ON EM.ID_MATERIA = M.ID_MATERIA
    WHERE EM.ESTADO = 'ACTIVO'
    ORDER BY EM.ID_EM;
END;
/

create or replace PROCEDURE SP_LISTAR_NOTAS (
    p_cursor OUT SYS_REFCURSOR
)
AS
BEGIN
    OPEN p_cursor FOR
    SELECT
        ID_NOTAS,
        CALIFICACION,
        PORCENTAJE,
        OBSERVACIONES,
        ESTADO
    FROM FIDE_NOTAS_TB
    WHERE UPPER(ESTADO) = 'ACTIVO'
    ORDER BY ID_NOTAS;
END;
/

create or replace PROCEDURE SP_LISTAR_PERSONAS_NO_PROFESORES (
    p_cursor OUT SYS_REFCURSOR
) AS
BEGIN
    OPEN p_cursor FOR
    SELECT 
        P.CEDULA,
        P.NOMBRE || ' ' || P.PRIMER_APELLIDO || ' ' || P.SEGUNDO_APELLIDO AS NOMBRE_COMPLETO
    FROM FIDE_PERSONAS_TB P
    WHERE P.CEDULA NOT IN (
        SELECT CEDULA FROM FIDE_PROFESORES_TB
    )
    AND UPPER(P.ESTADO) = 'ACTIVO'
    ORDER BY P.PRIMER_APELLIDO;
END;
/

create or replace PROCEDURE SP_LISTAR_PROFESORES (
    p_cursor OUT SYS_REFCURSOR
) AS
BEGIN
    OPEN p_cursor FOR
    SELECT 
        P.CEDULA AS ID_PROFESOR,
        P.NOMBRE || ' ' || P.PRIMER_APELLIDO || ' ' || P.SEGUNDO_APELLIDO AS NOMBRE_COMPLETO,
        PR.ESTADO
    FROM FIDE_PERSONAS_TB P
    JOIN FIDE_PROFESORES_TB PR ON P.CEDULA = PR.CEDULA
    ORDER BY P.PRIMER_APELLIDO;
END;
/

create or replace PROCEDURE SP_LISTAR_PROVINCIAS (
    p_cursor OUT SYS_REFCURSOR
) AS
BEGIN
    OPEN p_cursor FOR
    SELECT DISTINCT NOMBRE_PROVINCIA
    FROM FIDE_PROVINCIA_TB
    ORDER BY NOMBRE_PROVINCIA;
END;
/

create or replace PROCEDURE SP_LISTAR_TIPO_ADECUACION (
    p_cursor OUT SYS_REFCURSOR
) AS
BEGIN
    OPEN p_cursor FOR
    SELECT ID_TIPO_ADECUACION, TIPO
    FROM FIDE_TIPO_ADECUACION_TB
    WHERE UPPER(ESTADO) = 'ACTIVO'
    ORDER BY TIPO;
END;
/

create or replace PROCEDURE SP_MATERIAS_CONGELADAS_ALUMNO (
    p_cedula IN NUMBER,
    p_cursor OUT SYS_REFCURSOR
) AS
BEGIN
    OPEN p_cursor FOR
    SELECT m.NOMBRE AS MATERIA, c.MOTIVO, c.CANTIDAD AS PERIODOS_CONGELADOS, c.CREATION_DATE AS FECHA_CONGELAMIENTO
    FROM FIDE_ESTUDIANTES_TB e
    JOIN FIDE_ESTUDIANTE_MATERIA_TB em ON e.CEDULA = em.ID_ESTUDIANTE
    JOIN FIDE_MATERIA_TB m ON em.ID_MATERIA = m.ID_MATERIA
    JOIN FIDE_CONGELAMIENTO_TB c ON em.ESTADO_ID = c.ESTADO_ID
    WHERE e.CEDULA = p_cedula
    AND em.ESTADO = 'CONGELADO';

    DBMS_OUTPUT.PUT_LINE('Materias congeladas consultadas exitosamente para el estudiante: ' || p_cedula);
EXCEPTION
    WHEN OTHERS THEN
        DBMS_OUTPUT.PUT_LINE('Error al consultar materias congeladas: ' || SQLERRM);
END;
/

create or replace PROCEDURE SP_MATRICULAR_MATERIA (
    p_cedula     IN NUMBER,
    p_id_materia IN NUMBER,
    p_id_horario IN NUMBER
)
AS
    v_existente        NUMBER := 0;
    v_estado_materia   VARCHAR2(50);
    v_estado_id        NUMBER := 1;
    v_id_em            NUMBER;
BEGIN
    -- Verificar si ya esta matriculado activamente
    SELECT COUNT(*) INTO v_existente
    FROM FIDE_ESTUDIANTE_MATERIA_TB
    WHERE ID_ESTUDIANTE = p_cedula
      AND ID_MATERIA = p_id_materia
      AND ESTADO = 'ACTIVO';

    IF v_existente > 0 THEN
        RAISE_APPLICATION_ERROR(-20001, 'El estudiante ya esta matriculado en esta materia.');
    END IF;

    -- Verificar si la materia esta congelada
    BEGIN
        SELECT ESTADO INTO v_estado_materia
        FROM FIDE_ESTUDIANTE_MATERIA_TB
        WHERE ID_ESTUDIANTE = p_cedula
          AND ID_MATERIA = p_id_materia
          AND ESTADO = 'CONGELADO'
          AND ROWNUM = 1;

        IF v_estado_materia = 'CONGELADO' THEN
            RAISE_APPLICATION_ERROR(-20002, 'La materia esta congelada para este estudiante.');
        END IF;
    EXCEPTION
        WHEN NO_DATA_FOUND THEN
            NULL; -- Continua si no hay congelamiento previo
    END;

    -- Obtener nuevo ID_ESTUDIANTE_MATERIA
    SELECT NVL(MAX(ID_EM), 0) + 1 INTO v_id_em FROM FIDE_ESTUDIANTE_MATERIA_TB;

    -- Insertar la nueva matricula
    INSERT INTO FIDE_ESTUDIANTE_MATERIA_TB (
        ID_EM, ID_ESTUDIANTE, ID_MATERIA,
        ESTADO_ID, ESTADO, ACCION
    ) VALUES (
        v_id_em, p_cedula, p_id_materia,
        v_estado_id, 'ACTIVO', 'Matricula creada desde formulario web'
    );

    COMMIT;
    DBMS_OUTPUT.PUT_LINE('Matricula creada exitosamente.');

EXCEPTION
    WHEN OTHERS THEN
        ROLLBACK;
        RAISE_APPLICATION_ERROR(-20003, 'Error en SP_MATRICULAR_MATERIA: ' || SQLERRM);
END SP_MATRICULAR_MATERIA;
/

create or replace PROCEDURE SP_VER_ESTUDIANTES(
    p_cursor OUT SYS_REFCURSOR
)
AS
BEGIN
    OPEN p_cursor FOR
    SELECT 
        P.CEDULA,
        P.NOMBRE || ' ' || P.PRIMER_APELLIDO || ' ' || P.SEGUNDO_APELLIDO AS NOMBRE_COMPLETO,
        P.FECHA_NACIMIENTO,
        P.ESTADO
    FROM FIDE_PERSONAS_TB P
    JOIN FIDE_ESTUDIANTES_TB E ON P.CEDULA = E.CEDULA
    WHERE UPPER(P.ESTADO) = 'ACTIVO';
END;
/


--------------------------------------------------------------------
-- INSERTS A LAS TABLAS
--------------------------------------------------------------------


INSERT INTO FIDE_PERSONAS_TB (CEDULA, ESTADO_ID, TIPO_ID, TELEFONO_ID, EMAIL_ID, DIRECCIONES_ID, NOMBRE, PRIMER_APELLIDO, SEGUNDO_APELLIDO, FECHA_NACIMIENTO, ESTADO, ACCION) VALUES (100000001, 1, 1, 1, 1, 1, 'Danny', 'Reeves', 'Morris', TO_DATE('1999-07-17', 'YYYY-MM-DD'), 'ACTIVO', 'Creacion');
INSERT INTO FIDE_PERSONAS_TB (CEDULA, ESTADO_ID, TIPO_ID, TELEFONO_ID, EMAIL_ID, DIRECCIONES_ID, NOMBRE, PRIMER_APELLIDO, SEGUNDO_APELLIDO, FECHA_NACIMIENTO, ESTADO, ACCION) VALUES (100000002, 1, 1, 2, 2, 2, 'Bruce', 'Kelly', 'Gutierrez', TO_DATE('1986-10-08', 'YYYY-MM-DD'), 'ACTIVO', 'Creacion');
INSERT INTO FIDE_PERSONAS_TB (CEDULA, ESTADO_ID, TIPO_ID, TELEFONO_ID, EMAIL_ID, DIRECCIONES_ID, NOMBRE, PRIMER_APELLIDO, SEGUNDO_APELLIDO, FECHA_NACIMIENTO, ESTADO, ACCION) VALUES (100000003, 1, 1, 3, 3, 3, 'Erika', 'Estrada', 'Adams', TO_DATE('2011-07-03', 'YYYY-MM-DD'), 'ACTIVO', 'Creacion');
INSERT INTO FIDE_PERSONAS_TB (CEDULA, ESTADO_ID, TIPO_ID, TELEFONO_ID, EMAIL_ID, DIRECCIONES_ID, NOMBRE, PRIMER_APELLIDO, SEGUNDO_APELLIDO, FECHA_NACIMIENTO, ESTADO, ACCION) VALUES (100000004, 1, 1, 4, 4, 4, 'Logan', 'Henderson', 'Snyder', TO_DATE('1991-04-25', 'YYYY-MM-DD'), 'ACTIVO', 'Creacion');
INSERT INTO FIDE_PERSONAS_TB (CEDULA, ESTADO_ID, TIPO_ID, TELEFONO_ID, EMAIL_ID, DIRECCIONES_ID, NOMBRE, PRIMER_APELLIDO, SEGUNDO_APELLIDO, FECHA_NACIMIENTO, ESTADO, ACCION) VALUES (100000005, 1, 1, 5, 5, 5, 'Javier', 'Nieves', 'Brenes', TO_DATE('1996-11-12', 'YYYY-MM-DD'), 'ACTIVO', 'Creacion');
INSERT INTO FIDE_PERSONAS_TB (CEDULA, ESTADO_ID, TIPO_ID, TELEFONO_ID, EMAIL_ID, DIRECCIONES_ID, NOMBRE, PRIMER_APELLIDO, SEGUNDO_APELLIDO, FECHA_NACIMIENTO, ESTADO, ACCION) VALUES (100000006, 1, 1, 6, 6, 6, 'Camila', 'Morera', 'Fonseca', TO_DATE('2000-08-19', 'YYYY-MM-DD'), 'ACTIVO', 'Creacion');
INSERT INTO FIDE_PERSONAS_TB (CEDULA, ESTADO_ID, TIPO_ID, TELEFONO_ID, EMAIL_ID, DIRECCIONES_ID, NOMBRE, PRIMER_APELLIDO, SEGUNDO_APELLIDO, FECHA_NACIMIENTO, ESTADO, ACCION) VALUES (100000007, 1, 1, 7, 7, 7, 'Elena', 'Mata', 'Zuniga', TO_DATE('2002-02-14', 'YYYY-MM-DD'), 'ACTIVO', 'Creacion');
INSERT INTO FIDE_PERSONAS_TB (CEDULA, ESTADO_ID, TIPO_ID, TELEFONO_ID, EMAIL_ID, DIRECCIONES_ID, NOMBRE, PRIMER_APELLIDO, SEGUNDO_APELLIDO, FECHA_NACIMIENTO, ESTADO, ACCION) VALUES (100000008, 1, 1, 8, 8, 8, 'Carlos', 'Jimenez', 'Navarro', TO_DATE('1983-06-30', 'YYYY-MM-DD'), 'ACTIVO', 'Creacion');
INSERT INTO FIDE_PERSONAS_TB (CEDULA, ESTADO_ID, TIPO_ID, TELEFONO_ID, EMAIL_ID, DIRECCIONES_ID, NOMBRE, PRIMER_APELLIDO, SEGUNDO_APELLIDO, FECHA_NACIMIENTO, ESTADO, ACCION) VALUES (100000009, 1, 1, 9, 9, 9, 'Sofia', 'Martinez', 'Cordero', TO_DATE('1994-01-08', 'YYYY-MM-DD'), 'ACTIVO', 'Creacion');
INSERT INTO FIDE_PERSONAS_TB (CEDULA, ESTADO_ID, TIPO_ID, TELEFONO_ID, EMAIL_ID, DIRECCIONES_ID, NOMBRE, PRIMER_APELLIDO, SEGUNDO_APELLIDO, FECHA_NACIMIENTO, ESTADO, ACCION) VALUES (100000010, 1, 1, 10, 10, 10, 'Lucas', 'Gomez', 'Vargas', TO_DATE('1998-12-05', 'YYYY-MM-DD'), 'ACTIVO', 'Creacion');
INSERT INTO FIDE_PERSONAS_TB (CEDULA, ESTADO_ID, TIPO_ID, TELEFONO_ID, EMAIL_ID, DIRECCIONES_ID, NOMBRE, PRIMER_APELLIDO, SEGUNDO_APELLIDO, FECHA_NACIMIENTO, ESTADO, ACCION) VALUES (100000011, 1, 1, 11, 11, 11, 'Valentina', 'Sanchez', 'Alpizar', TO_DATE('2001-09-01', 'YYYY-MM-DD'), 'ACTIVO', 'Creacion');
INSERT INTO FIDE_PERSONAS_TB (CEDULA, ESTADO_ID, TIPO_ID, TELEFONO_ID, EMAIL_ID, DIRECCIONES_ID, NOMBRE, PRIMER_APELLIDO, SEGUNDO_APELLIDO, FECHA_NACIMIENTO, ESTADO, ACCION) VALUES (100000012, 1, 1, 12, 12, 12, 'Diego', 'Rojas', 'Castillo', TO_DATE('1993-03-27', 'YYYY-MM-DD'), 'ACTIVO', 'Creacion');
INSERT INTO FIDE_PERSONAS_TB (CEDULA, ESTADO_ID, TIPO_ID, TELEFONO_ID, EMAIL_ID, DIRECCIONES_ID, NOMBRE, PRIMER_APELLIDO, SEGUNDO_APELLIDO, FECHA_NACIMIENTO, ESTADO, ACCION) VALUES (100000013, 1, 1, 13, 13, 13, 'Isabela', 'Araya', 'Montoya', TO_DATE('1995-10-10', 'YYYY-MM-DD'), 'ACTIVO', 'Creacion');
INSERT INTO FIDE_PERSONAS_TB (CEDULA, ESTADO_ID, TIPO_ID, TELEFONO_ID, EMAIL_ID, DIRECCIONES_ID, NOMBRE, PRIMER_APELLIDO, SEGUNDO_APELLIDO, FECHA_NACIMIENTO, ESTADO, ACCION) VALUES (100000014, 1, 1, 14, 14, 14, 'Mateo', 'Rodriguez', 'Solis', TO_DATE('1997-11-23', 'YYYY-MM-DD'), 'ACTIVO', 'Creacion');
INSERT INTO FIDE_PERSONAS_TB (CEDULA, ESTADO_ID, TIPO_ID, TELEFONO_ID, EMAIL_ID, DIRECCIONES_ID, NOMBRE, PRIMER_APELLIDO, SEGUNDO_APELLIDO, FECHA_NACIMIENTO, ESTADO, ACCION) VALUES (100000015, 1, 1, 15, 15, 15, 'Mariana', 'Calvo', 'Mejia', TO_DATE('2003-07-09', 'YYYY-MM-DD'), 'ACTIVO', 'Creacion');
INSERT INTO FIDE_PERSONAS_TB (CEDULA, ESTADO_ID, TIPO_ID, TELEFONO_ID, EMAIL_ID, DIRECCIONES_ID, NOMBRE, PRIMER_APELLIDO, SEGUNDO_APELLIDO, FECHA_NACIMIENTO, ESTADO, ACCION) VALUES (100000016, 1, 1, 16, 16, 16, 'Sebastian', 'Pineda', 'Mora', TO_DATE('1992-05-18', 'YYYY-MM-DD'), 'ACTIVO', 'Creacion');
INSERT INTO FIDE_PERSONAS_TB (CEDULA, ESTADO_ID, TIPO_ID, TELEFONO_ID, EMAIL_ID, DIRECCIONES_ID, NOMBRE, PRIMER_APELLIDO, SEGUNDO_APELLIDO, FECHA_NACIMIENTO, ESTADO, ACCION) VALUES (100000017, 1, 1, 17, 17, 17, 'Lucia', 'Cruz', 'Rojas', TO_DATE('1989-03-14', 'YYYY-MM-DD'), 'ACTIVO', 'Creacion');
INSERT INTO FIDE_PERSONAS_TB (CEDULA, ESTADO_ID, TIPO_ID, TELEFONO_ID, EMAIL_ID, DIRECCIONES_ID, NOMBRE, PRIMER_APELLIDO, SEGUNDO_APELLIDO, FECHA_NACIMIENTO, ESTADO, ACCION) VALUES (100000018, 1, 1, 18, 18, 18, 'Tomas', 'Vega', 'Salazar', TO_DATE('1990-06-21', 'YYYY-MM-DD'), 'ACTIVO', 'Creacion');
INSERT INTO FIDE_PERSONAS_TB (CEDULA, ESTADO_ID, TIPO_ID, TELEFONO_ID, EMAIL_ID, DIRECCIONES_ID, NOMBRE, PRIMER_APELLIDO, SEGUNDO_APELLIDO, FECHA_NACIMIENTO, ESTADO, ACCION) VALUES (100000019, 1, 1, 19, 19, 19, 'Fernanda', 'Alvarado', 'Loaiza', TO_DATE('1987-01-30', 'YYYY-MM-DD'), 'ACTIVO', 'Creacion');
INSERT INTO FIDE_PERSONAS_TB (CEDULA, ESTADO_ID, TIPO_ID, TELEFONO_ID, EMAIL_ID, DIRECCIONES_ID, NOMBRE, PRIMER_APELLIDO, SEGUNDO_APELLIDO, FECHA_NACIMIENTO, ESTADO, ACCION) VALUES (100000020, 1, 1, 20, 20, 20, 'Andres', 'Leiva', 'Chaves', TO_DATE('1984-04-04', 'YYYY-MM-DD'), 'ACTIVO', 'Creacion');
INSERT INTO FIDE_PERSONAS_TB (CEDULA, ESTADO_ID, TIPO_ID, TELEFONO_ID, EMAIL_ID, DIRECCIONES_ID, NOMBRE, PRIMER_APELLIDO, SEGUNDO_APELLIDO, FECHA_NACIMIENTO, ESTADO, ACCION) VALUES (100000021, 1, 1, 21, 21, 21, 'Daniela', 'Gonzalez', 'Chacon', TO_DATE('1990-09-21', 'YYYY-MM-DD'), 'ACTIVO', 'Creacion');
INSERT INTO FIDE_PERSONAS_TB (CEDULA, ESTADO_ID, TIPO_ID, TELEFONO_ID, EMAIL_ID, DIRECCIONES_ID, NOMBRE, PRIMER_APELLIDO, SEGUNDO_APELLIDO, FECHA_NACIMIENTO, ESTADO, ACCION) VALUES (100000022, 1, 1, 22, 22, 22, 'Ricardo', 'Molina', 'Campos', TO_DATE('1992-11-15', 'YYYY-MM-DD'), 'ACTIVO', 'Creacion');
INSERT INTO FIDE_PERSONAS_TB (CEDULA, ESTADO_ID, TIPO_ID, TELEFONO_ID, EMAIL_ID, DIRECCIONES_ID, NOMBRE, PRIMER_APELLIDO, SEGUNDO_APELLIDO, FECHA_NACIMIENTO, ESTADO, ACCION) VALUES (100000023, 1, 1, 23, 23, 23, 'Natalia', 'Vargas', 'Segura', TO_DATE('1998-05-06', 'YYYY-MM-DD'), 'ACTIVO', 'Creacion');
INSERT INTO FIDE_PERSONAS_TB (CEDULA, ESTADO_ID, TIPO_ID, TELEFONO_ID, EMAIL_ID, DIRECCIONES_ID, NOMBRE, PRIMER_APELLIDO, SEGUNDO_APELLIDO, FECHA_NACIMIENTO, ESTADO, ACCION) VALUES (100000024, 1, 1, 24, 24, 24, 'Luis', 'Salas', 'Mendez', TO_DATE('1991-08-11', 'YYYY-MM-DD'), 'ACTIVO', 'Creacion');
INSERT INTO FIDE_PERSONAS_TB (CEDULA, ESTADO_ID, TIPO_ID, TELEFONO_ID, EMAIL_ID, DIRECCIONES_ID, NOMBRE, PRIMER_APELLIDO, SEGUNDO_APELLIDO, FECHA_NACIMIENTO, ESTADO, ACCION) VALUES (100000025, 1, 1, 25, 25, 25, 'Andrea', 'Zamora', 'Quiros', TO_DATE('1986-10-01', 'YYYY-MM-DD'), 'ACTIVO', 'Creacion');
INSERT INTO FIDE_PERSONAS_TB (CEDULA, ESTADO_ID, TIPO_ID, TELEFONO_ID, EMAIL_ID, DIRECCIONES_ID, NOMBRE, PRIMER_APELLIDO, SEGUNDO_APELLIDO, FECHA_NACIMIENTO, ESTADO, ACCION) VALUES (100000026, 1, 1, 26, 26, 26, 'Jorge', 'Soto', 'Arce', TO_DATE('1993-12-25', 'YYYY-MM-DD'), 'ACTIVO', 'Creacion');
INSERT INTO FIDE_PERSONAS_TB (CEDULA, ESTADO_ID, TIPO_ID, TELEFONO_ID, EMAIL_ID, DIRECCIONES_ID, NOMBRE, PRIMER_APELLIDO, SEGUNDO_APELLIDO, FECHA_NACIMIENTO, ESTADO, ACCION) VALUES (100000027, 1, 1, 27, 27, 27, 'Michelle', 'Solano', 'Carrillo', TO_DATE('2000-02-02', 'YYYY-MM-DD'), 'ACTIVO', 'Creacion');
INSERT INTO FIDE_PERSONAS_TB (CEDULA, ESTADO_ID, TIPO_ID, TELEFONO_ID, EMAIL_ID, DIRECCIONES_ID, NOMBRE, PRIMER_APELLIDO, SEGUNDO_APELLIDO, FECHA_NACIMIENTO, ESTADO, ACCION) VALUES (100000028, 1, 1, 28, 28, 28, 'Roberto', 'Valverde', 'Herrera', TO_DATE('1995-07-29', 'YYYY-MM-DD'), 'ACTIVO', 'Creacion');
INSERT INTO FIDE_PERSONAS_TB (CEDULA, ESTADO_ID, TIPO_ID, TELEFONO_ID, EMAIL_ID, DIRECCIONES_ID, NOMBRE, PRIMER_APELLIDO, SEGUNDO_APELLIDO, FECHA_NACIMIENTO, ESTADO, ACCION) VALUES (100000029, 1, 1, 29, 29, 29, 'Paula', 'Sequeira', 'Bolanos', TO_DATE('1999-03-18', 'YYYY-MM-DD'), 'ACTIVO', 'Creacion');
INSERT INTO FIDE_PERSONAS_TB (CEDULA, ESTADO_ID, TIPO_ID, TELEFONO_ID, EMAIL_ID, DIRECCIONES_ID, NOMBRE, PRIMER_APELLIDO, SEGUNDO_APELLIDO, FECHA_NACIMIENTO, ESTADO, ACCION) VALUES (100000030, 1, 1, 30, 30, 30, 'Esteban', 'Alfaro', 'Cespedes', TO_DATE('1988-06-09', 'YYYY-MM-DD'), 'ACTIVO', 'Creacion');
INSERT INTO FIDE_PERSONAS_TB (CEDULA, ESTADO_ID, TIPO_ID, TELEFONO_ID, EMAIL_ID, DIRECCIONES_ID, NOMBRE, PRIMER_APELLIDO, SEGUNDO_APELLIDO, FECHA_NACIMIENTO, ESTADO, ACCION) VALUES (100000031, 1, 1, 31, 31, 31, 'Gabriela', 'Meza', 'Carvajal', TO_DATE('1994-11-19', 'YYYY-MM-DD'), 'ACTIVO', 'Creacion');
INSERT INTO FIDE_PERSONAS_TB (CEDULA, ESTADO_ID, TIPO_ID, TELEFONO_ID, EMAIL_ID, DIRECCIONES_ID, NOMBRE, PRIMER_APELLIDO, SEGUNDO_APELLIDO, FECHA_NACIMIENTO, ESTADO, ACCION) VALUES (100000032, 1, 1, 32, 32, 32, 'Adrian', 'Cascante', 'Marin', TO_DATE('1996-01-15', 'YYYY-MM-DD'), 'ACTIVO', 'Creacion');
INSERT INTO FIDE_PERSONAS_TB (CEDULA, ESTADO_ID, TIPO_ID, TELEFONO_ID, EMAIL_ID, DIRECCIONES_ID, NOMBRE, PRIMER_APELLIDO, SEGUNDO_APELLIDO, FECHA_NACIMIENTO, ESTADO, ACCION) VALUES (100000033, 1, 1, 33, 33, 33, 'Laura', 'Esquivel', 'Rodriguez', TO_DATE('2002-04-03', 'YYYY-MM-DD'), 'ACTIVO', 'Creacion');
INSERT INTO FIDE_PERSONAS_TB (CEDULA, ESTADO_ID, TIPO_ID, TELEFONO_ID, EMAIL_ID, DIRECCIONES_ID, NOMBRE, PRIMER_APELLIDO, SEGUNDO_APELLIDO, FECHA_NACIMIENTO, ESTADO, ACCION) VALUES (100000034, 1, 1, 34, 34, 34, 'Marcos', 'Delgado', 'Aguilar', TO_DATE('1997-08-28', 'YYYY-MM-DD'), 'ACTIVO', 'Creacion');
INSERT INTO FIDE_PERSONAS_TB (CEDULA, ESTADO_ID, TIPO_ID, TELEFONO_ID, EMAIL_ID, DIRECCIONES_ID, NOMBRE, PRIMER_APELLIDO, SEGUNDO_APELLIDO, FECHA_NACIMIENTO, ESTADO, ACCION) VALUES (100000035, 1, 1, 35, 35, 35, 'Irene', 'Campos', 'Sequeira', TO_DATE('1993-09-12', 'YYYY-MM-DD'), 'ACTIVO', 'Creacion');
INSERT INTO FIDE_PERSONAS_TB (CEDULA, ESTADO_ID, TIPO_ID, TELEFONO_ID, EMAIL_ID, DIRECCIONES_ID, NOMBRE, PRIMER_APELLIDO, SEGUNDO_APELLIDO, FECHA_NACIMIENTO, ESTADO, ACCION) VALUES (100000036, 1, 1, 36, 36, 36, 'Francisco', 'Urena', 'Rojas', TO_DATE('1985-05-25', 'YYYY-MM-DD'), 'ACTIVO', 'Creacion');
INSERT INTO FIDE_PERSONAS_TB (CEDULA, ESTADO_ID, TIPO_ID, TELEFONO_ID, EMAIL_ID, DIRECCIONES_ID, NOMBRE, PRIMER_APELLIDO, SEGUNDO_APELLIDO, FECHA_NACIMIENTO, ESTADO, ACCION) VALUES (100000037, 1, 1, 37, 37, 37, 'Viviana', 'Cordero', 'Maroto', TO_DATE('2000-12-17', 'YYYY-MM-DD'), 'ACTIVO', 'Creacion');
INSERT INTO FIDE_PERSONAS_TB (CEDULA, ESTADO_ID, TIPO_ID, TELEFONO_ID, EMAIL_ID, DIRECCIONES_ID, NOMBRE, PRIMER_APELLIDO, SEGUNDO_APELLIDO, FECHA_NACIMIENTO, ESTADO, ACCION) VALUES (100000038, 1, 1, 38, 38, 38, 'Alonso', 'Rios', 'Acuna', TO_DATE('1984-02-11', 'YYYY-MM-DD'), 'ACTIVO', 'Creacion');
INSERT INTO FIDE_PERSONAS_TB (CEDULA, ESTADO_ID, TIPO_ID, TELEFONO_ID, EMAIL_ID, DIRECCIONES_ID, NOMBRE, PRIMER_APELLIDO, SEGUNDO_APELLIDO, FECHA_NACIMIENTO, ESTADO, ACCION) VALUES (100000039, 1, 1, 39, 39, 39, 'Monserrat', 'Navarro', 'Picado', TO_DATE('1991-07-02', 'YYYY-MM-DD'), 'ACTIVO', 'Creacion');
INSERT INTO FIDE_PERSONAS_TB (CEDULA, ESTADO_ID, TIPO_ID, TELEFONO_ID, EMAIL_ID, DIRECCIONES_ID, NOMBRE, PRIMER_APELLIDO, SEGUNDO_APELLIDO, FECHA_NACIMIENTO, ESTADO, ACCION) VALUES (100000040, 1, 1, 40, 40, 40, 'Eduardo', 'Bolanos', 'Perez', TO_DATE('1982-10-13', 'YYYY-MM-DD'), 'ACTIVO', 'Creacion');

-------------

INSERT INTO FIDE_ESTADO_TB (ID_ESTADO, ESTADO, ACCION) VALUES (1, 'ACTIVO', 'Creacion');
INSERT INTO FIDE_ESTADO_TB (ID_ESTADO, ESTADO, ACCION) VALUES (2, 'InACTIVO', 'Creacion');

INSERT INTO FIDE_TIPO_USUARIO_TB (ID_TIPO, ID_ESTADO, TIPO, ESTADO, ACCION) VALUES (1, 1, 'Admin', 'ACTIVO', 'Creacion');
INSERT INTO FIDE_TIPO_USUARIO_TB (ID_TIPO, ID_ESTADO, TIPO, ESTADO, ACCION) VALUES (2, 1, 'Usuario', 'ACTIVO', 'Creacion');


----------------

INSERT INTO FIDE_ESTUDIANTES_TB (CEDULA, ESTADO_ID, ADECUACION_ID, NOTAS_ID, ESTADO, ACCION) VALUES (100000001, 1, 1, 1, 'ACTIVO', 'Creacion');
INSERT INTO FIDE_ESTUDIANTES_TB (CEDULA, ESTADO_ID, ADECUACION_ID, NOTAS_ID, ESTADO, ACCION) VALUES (100000002, 1, 2, 2, 'ACTIVO', 'Creacion');
INSERT INTO FIDE_ESTUDIANTES_TB (CEDULA, ESTADO_ID, ADECUACION_ID, NOTAS_ID, ESTADO, ACCION) VALUES (100000003, 1, 3, 3, 'ACTIVO', 'Creacion');
INSERT INTO FIDE_ESTUDIANTES_TB (CEDULA, ESTADO_ID, ADECUACION_ID, NOTAS_ID, ESTADO, ACCION) VALUES (100000004, 1, 4, 4, 'ACTIVO', 'Creacion');
INSERT INTO FIDE_ESTUDIANTES_TB (CEDULA, ESTADO_ID, ADECUACION_ID, NOTAS_ID, ESTADO, ACCION) VALUES (100000005, 1, 5, 5, 'ACTIVO', 'Creacion');
INSERT INTO FIDE_ESTUDIANTES_TB (CEDULA, ESTADO_ID, ADECUACION_ID, NOTAS_ID, ESTADO, ACCION) VALUES (100000006, 1, 6, 6, 'ACTIVO', 'Creacion');
INSERT INTO FIDE_ESTUDIANTES_TB (CEDULA, ESTADO_ID, ADECUACION_ID, NOTAS_ID, ESTADO, ACCION) VALUES (100000007, 1, 7, 7, 'ACTIVO', 'Creacion');
INSERT INTO FIDE_ESTUDIANTES_TB (CEDULA, ESTADO_ID, ADECUACION_ID, NOTAS_ID, ESTADO, ACCION) VALUES (100000008, 1, 8, 8, 'ACTIVO', 'Creacion');
INSERT INTO FIDE_ESTUDIANTES_TB (CEDULA, ESTADO_ID, ADECUACION_ID, NOTAS_ID, ESTADO, ACCION) VALUES (100000009, 1, 9, 9, 'ACTIVO', 'Creacion');
INSERT INTO FIDE_ESTUDIANTES_TB (CEDULA, ESTADO_ID, ADECUACION_ID, NOTAS_ID, ESTADO, ACCION) VALUES (100000010, 1, 10, 10, 'ACTIVO', 'Creacion');
INSERT INTO FIDE_ESTUDIANTES_TB (CEDULA, ESTADO_ID, ADECUACION_ID, NOTAS_ID, ESTADO, ACCION) VALUES (100000011, 1, 11, 11, 'ACTIVO', 'Creacion');
INSERT INTO FIDE_ESTUDIANTES_TB (CEDULA, ESTADO_ID, ADECUACION_ID, NOTAS_ID, ESTADO, ACCION) VALUES (100000012, 1, 12, 12, 'ACTIVO', 'Creacion');
INSERT INTO FIDE_ESTUDIANTES_TB (CEDULA, ESTADO_ID, ADECUACION_ID, NOTAS_ID, ESTADO, ACCION) VALUES (100000013, 1, 13, 13, 'ACTIVO', 'Creacion');
INSERT INTO FIDE_ESTUDIANTES_TB (CEDULA, ESTADO_ID, ADECUACION_ID, NOTAS_ID, ESTADO, ACCION) VALUES (100000014, 1, 14, 14, 'ACTIVO', 'Creacion');
INSERT INTO FIDE_ESTUDIANTES_TB (CEDULA, ESTADO_ID, ADECUACION_ID, NOTAS_ID, ESTADO, ACCION) VALUES (100000015, 1, 15, 15, 'ACTIVO', 'Creacion');
INSERT INTO FIDE_ESTUDIANTES_TB (CEDULA, ESTADO_ID, ADECUACION_ID, NOTAS_ID, ESTADO, ACCION) VALUES (100000016, 1, 16, 16, 'ACTIVO', 'Creacion');
INSERT INTO FIDE_ESTUDIANTES_TB (CEDULA, ESTADO_ID, ADECUACION_ID, NOTAS_ID, ESTADO, ACCION) VALUES (100000017, 1, 17, 17, 'ACTIVO', 'Creacion');
INSERT INTO FIDE_ESTUDIANTES_TB (CEDULA, ESTADO_ID, ADECUACION_ID, NOTAS_ID, ESTADO, ACCION) VALUES (100000018, 1, 18, 18, 'ACTIVO', 'Creacion');
INSERT INTO FIDE_ESTUDIANTES_TB (CEDULA, ESTADO_ID, ADECUACION_ID, NOTAS_ID, ESTADO, ACCION) VALUES (100000019, 1, 19, 19, 'ACTIVO', 'Creacion');
INSERT INTO FIDE_ESTUDIANTES_TB (CEDULA, ESTADO_ID, ADECUACION_ID, NOTAS_ID, ESTADO, ACCION) VALUES (100000020, 1, 20, 20, 'ACTIVO', 'Creacion');


INSERT INTO FIDE_PROFESORES_TB (CEDULA, ESTADO_ID, ESTADO, ACCION) VALUES (100000021, 1, 'ACTIVO', 'Creacion');
INSERT INTO FIDE_PROFESORES_TB (CEDULA, ESTADO_ID, ESTADO, ACCION) VALUES (100000022, 1, 'ACTIVO', 'Creacion');
INSERT INTO FIDE_PROFESORES_TB (CEDULA, ESTADO_ID, ESTADO, ACCION) VALUES (100000023, 1, 'ACTIVO', 'Creacion');
INSERT INTO FIDE_PROFESORES_TB (CEDULA, ESTADO_ID, ESTADO, ACCION) VALUES (100000024, 1, 'ACTIVO', 'Creacion');
INSERT INTO FIDE_PROFESORES_TB (CEDULA, ESTADO_ID, ESTADO, ACCION) VALUES (100000025, 1, 'ACTIVO', 'Creacion');
INSERT INTO FIDE_PROFESORES_TB (CEDULA, ESTADO_ID, ESTADO, ACCION) VALUES (100000026, 1, 'ACTIVO', 'Creacion');
INSERT INTO FIDE_PROFESORES_TB (CEDULA, ESTADO_ID, ESTADO, ACCION) VALUES (100000027, 1, 'ACTIVO', 'Creacion');
INSERT INTO FIDE_PROFESORES_TB (CEDULA, ESTADO_ID, ESTADO, ACCION) VALUES (100000028, 1, 'ACTIVO', 'Creacion');
INSERT INTO FIDE_PROFESORES_TB (CEDULA, ESTADO_ID, ESTADO, ACCION) VALUES (100000029, 1, 'ACTIVO', 'Creacion');
INSERT INTO FIDE_PROFESORES_TB (CEDULA, ESTADO_ID, ESTADO, ACCION) VALUES (100000030, 1, 'ACTIVO', 'Creacion');
INSERT INTO FIDE_PROFESORES_TB (CEDULA, ESTADO_ID, ESTADO, ACCION) VALUES (100000031, 1, 'ACTIVO', 'Creacion');
INSERT INTO FIDE_PROFESORES_TB (CEDULA, ESTADO_ID, ESTADO, ACCION) VALUES (100000032, 1, 'ACTIVO', 'Creacion');
INSERT INTO FIDE_PROFESORES_TB (CEDULA, ESTADO_ID, ESTADO, ACCION) VALUES (100000033, 1, 'ACTIVO', 'Creacion');
INSERT INTO FIDE_PROFESORES_TB (CEDULA, ESTADO_ID, ESTADO, ACCION) VALUES (100000034, 1, 'ACTIVO', 'Creacion');
INSERT INTO FIDE_PROFESORES_TB (CEDULA, ESTADO_ID, ESTADO, ACCION) VALUES (100000035, 1, 'ACTIVO', 'Creacion');
INSERT INTO FIDE_PROFESORES_TB (CEDULA, ESTADO_ID, ESTADO, ACCION) VALUES (100000036, 1, 'ACTIVO', 'Creacion');
INSERT INTO FIDE_PROFESORES_TB (CEDULA, ESTADO_ID, ESTADO, ACCION) VALUES (100000037, 1, 'ACTIVO', 'Creacion');
INSERT INTO FIDE_PROFESORES_TB (CEDULA, ESTADO_ID, ESTADO, ACCION) VALUES (100000038, 1, 'ACTIVO', 'Creacion');
INSERT INTO FIDE_PROFESORES_TB (CEDULA, ESTADO_ID, ESTADO, ACCION) VALUES (100000039, 1, 'ACTIVO', 'Creacion');
INSERT INTO FIDE_PROFESORES_TB (CEDULA, ESTADO_ID, ESTADO, ACCION) VALUES (100000040, 1, 'ACTIVO', 'Creacion');



----------------

INSERT INTO FIDE_ESTUDIANTE_PROFESOR_TB (ID_EP, CEDULAE, CEDULAP, ESTADO_ID, ESTADO, ACCION) VALUES (1, 100000001, 100000021, 1, 'ACTIVO', 'Creacion');
INSERT INTO FIDE_ESTUDIANTE_PROFESOR_TB (ID_EP, CEDULAE, CEDULAP, ESTADO_ID, ESTADO, ACCION) VALUES (2, 100000002, 100000022, 1, 'ACTIVO', 'Creacion');
INSERT INTO FIDE_ESTUDIANTE_PROFESOR_TB (ID_EP, CEDULAE, CEDULAP, ESTADO_ID, ESTADO, ACCION) VALUES (3, 100000003, 100000023, 1, 'ACTIVO', 'Creacion');
INSERT INTO FIDE_ESTUDIANTE_PROFESOR_TB (ID_EP, CEDULAE, CEDULAP, ESTADO_ID, ESTADO, ACCION) VALUES (4, 100000004, 100000024, 1, 'ACTIVO', 'Creacion');
INSERT INTO FIDE_ESTUDIANTE_PROFESOR_TB (ID_EP, CEDULAE, CEDULAP, ESTADO_ID, ESTADO, ACCION) VALUES (5, 100000005, 100000025, 1, 'ACTIVO', 'Creacion');
INSERT INTO FIDE_ESTUDIANTE_PROFESOR_TB (ID_EP, CEDULAE, CEDULAP, ESTADO_ID, ESTADO, ACCION) VALUES (6, 100000006, 100000026, 1, 'ACTIVO', 'Creacion');
INSERT INTO FIDE_ESTUDIANTE_PROFESOR_TB (ID_EP, CEDULAE, CEDULAP, ESTADO_ID, ESTADO, ACCION) VALUES (7, 100000007, 100000027, 1, 'ACTIVO', 'Creacion');
INSERT INTO FIDE_ESTUDIANTE_PROFESOR_TB (ID_EP, CEDULAE, CEDULAP, ESTADO_ID, ESTADO, ACCION) VALUES (8, 100000008, 100000028, 1, 'ACTIVO', 'Creacion');
INSERT INTO FIDE_ESTUDIANTE_PROFESOR_TB (ID_EP, CEDULAE, CEDULAP, ESTADO_ID, ESTADO, ACCION) VALUES (9, 100000009, 100000029, 1, 'ACTIVO', 'Creacion');
INSERT INTO FIDE_ESTUDIANTE_PROFESOR_TB (ID_EP, CEDULAE, CEDULAP, ESTADO_ID, ESTADO, ACCION) VALUES (10, 100000010, 100000030, 1, 'ACTIVO', 'Creacion');
INSERT INTO FIDE_ESTUDIANTE_PROFESOR_TB (ID_EP, CEDULAE, CEDULAP, ESTADO_ID, ESTADO, ACCION) VALUES (11, 100000011, 100000031, 1, 'ACTIVO', 'Creacion');
INSERT INTO FIDE_ESTUDIANTE_PROFESOR_TB (ID_EP, CEDULAE, CEDULAP, ESTADO_ID, ESTADO, ACCION) VALUES (12, 100000012, 100000032, 1, 'ACTIVO', 'Creacion');
INSERT INTO FIDE_ESTUDIANTE_PROFESOR_TB (ID_EP, CEDULAE, CEDULAP, ESTADO_ID, ESTADO, ACCION) VALUES (13, 100000013, 100000033, 1, 'ACTIVO', 'Creacion');
INSERT INTO FIDE_ESTUDIANTE_PROFESOR_TB (ID_EP, CEDULAE, CEDULAP, ESTADO_ID, ESTADO, ACCION) VALUES (14, 100000014, 100000034, 1, 'ACTIVO', 'Creacion');
INSERT INTO FIDE_ESTUDIANTE_PROFESOR_TB (ID_EP, CEDULAE, CEDULAP, ESTADO_ID, ESTADO, ACCION) VALUES (15, 100000015, 100000035, 1, 'ACTIVO', 'Creacion');
INSERT INTO FIDE_ESTUDIANTE_PROFESOR_TB (ID_EP, CEDULAE, CEDULAP, ESTADO_ID, ESTADO, ACCION) VALUES (16, 100000016, 100000036, 1, 'ACTIVO', 'Creacion');
INSERT INTO FIDE_ESTUDIANTE_PROFESOR_TB (ID_EP, CEDULAE, CEDULAP, ESTADO_ID, ESTADO, ACCION) VALUES (17, 100000017, 100000037, 1, 'ACTIVO', 'Creacion');
INSERT INTO FIDE_ESTUDIANTE_PROFESOR_TB (ID_EP, CEDULAE, CEDULAP, ESTADO_ID, ESTADO, ACCION) VALUES (18, 100000018, 100000038, 1, 'ACTIVO', 'Creacion');
INSERT INTO FIDE_ESTUDIANTE_PROFESOR_TB (ID_EP, CEDULAE, CEDULAP, ESTADO_ID, ESTADO, ACCION) VALUES (19, 100000019, 100000039, 1, 'ACTIVO', 'Creacion');
INSERT INTO FIDE_ESTUDIANTE_PROFESOR_TB (ID_EP, CEDULAE, CEDULAP, ESTADO_ID, ESTADO, ACCION) VALUES (20, 100000020, 100000040, 1, 'ACTIVO', 'Creacion');

INSERT INTO FIDE_AULA_TB (ID_AULA, ESTADO_ID, AULA, ESTADO, ACCION) VALUES (1, 1, 101, 'ACTIVO', 'Creacion');
INSERT INTO FIDE_AULA_TB (ID_AULA, ESTADO_ID, AULA, ESTADO, ACCION) VALUES (2, 1, 102, 'ACTIVO', 'Creacion');
INSERT INTO FIDE_AULA_TB (ID_AULA, ESTADO_ID, AULA, ESTADO, ACCION) VALUES (3, 1, 103, 'ACTIVO', 'Creacion');
INSERT INTO FIDE_AULA_TB (ID_AULA, ESTADO_ID, AULA, ESTADO, ACCION) VALUES (4, 1, 104, 'ACTIVO', 'Creacion');
INSERT INTO FIDE_AULA_TB (ID_AULA, ESTADO_ID, AULA, ESTADO, ACCION) VALUES (5, 1, 105, 'ACTIVO', 'Creacion');
INSERT INTO FIDE_AULA_TB (ID_AULA, ESTADO_ID, AULA, ESTADO, ACCION) VALUES (6, 1, 106, 'ACTIVO', 'Creacion');
INSERT INTO FIDE_AULA_TB (ID_AULA, ESTADO_ID, AULA, ESTADO, ACCION) VALUES (7, 1, 107, 'ACTIVO', 'Creacion');
INSERT INTO FIDE_AULA_TB (ID_AULA, ESTADO_ID, AULA, ESTADO, ACCION) VALUES (8, 1, 108, 'ACTIVO', 'Creacion');
INSERT INTO FIDE_AULA_TB (ID_AULA, ESTADO_ID, AULA, ESTADO, ACCION) VALUES (9, 1, 109, 'ACTIVO', 'Creacion');
INSERT INTO FIDE_AULA_TB (ID_AULA, ESTADO_ID, AULA, ESTADO, ACCION) VALUES (10, 1, 110, 'ACTIVO', 'Creacion');
INSERT INTO FIDE_AULA_TB (ID_AULA, ESTADO_ID, AULA, ESTADO, ACCION) VALUES (11, 1, 111, 'ACTIVO', 'Creacion');
INSERT INTO FIDE_AULA_TB (ID_AULA, ESTADO_ID, AULA, ESTADO, ACCION) VALUES (12, 1, 112, 'ACTIVO', 'Creacion');
INSERT INTO FIDE_AULA_TB (ID_AULA, ESTADO_ID, AULA, ESTADO, ACCION) VALUES (13, 1, 113, 'ACTIVO', 'Creacion');
INSERT INTO FIDE_AULA_TB (ID_AULA, ESTADO_ID, AULA, ESTADO, ACCION) VALUES (14, 1, 114, 'ACTIVO', 'Creacion');
INSERT INTO FIDE_AULA_TB (ID_AULA, ESTADO_ID, AULA, ESTADO, ACCION) VALUES (15, 1, 115, 'ACTIVO', 'Creacion');
INSERT INTO FIDE_AULA_TB (ID_AULA, ESTADO_ID, AULA, ESTADO, ACCION) VALUES (16, 1, 116, 'ACTIVO', 'Creacion');
INSERT INTO FIDE_AULA_TB (ID_AULA, ESTADO_ID, AULA, ESTADO, ACCION) VALUES (17, 1, 117, 'ACTIVO', 'Creacion');
INSERT INTO FIDE_AULA_TB (ID_AULA, ESTADO_ID, AULA, ESTADO, ACCION) VALUES (18, 1, 118, 'ACTIVO', 'Creacion');
INSERT INTO FIDE_AULA_TB (ID_AULA, ESTADO_ID, AULA, ESTADO, ACCION) VALUES (19, 1, 119, 'ACTIVO', 'Creacion');
INSERT INTO FIDE_AULA_TB (ID_AULA, ESTADO_ID, AULA, ESTADO, ACCION) VALUES (20, 1, 120, 'ACTIVO', 'Creacion');

INSERT INTO FIDE_HORARIO_TB (ID_HORARIO, ESTADO_ID, AULA_ID, FECHA, HORA, ESTADO, ACCION) VALUES (1, 1, 1, TO_DATE('2025-04-05', 'YYYY-MM-DD'), TO_TIMESTAMP('2024-01-01 08:30:00', 'YYYY-MM-DD HH24:MI:SS'), 'ACTIVO', 'Creacion');
INSERT INTO FIDE_HORARIO_TB (ID_HORARIO, ESTADO_ID, AULA_ID, FECHA, HORA, ESTADO, ACCION) VALUES (2, 1, 2, TO_DATE('2025-04-06', 'YYYY-MM-DD'), TO_TIMESTAMP('2024-01-01 09:00:00', 'YYYY-MM-DD HH24:MI:SS'), 'ACTIVO', 'Creacion');
INSERT INTO FIDE_HORARIO_TB (ID_HORARIO, ESTADO_ID, AULA_ID, FECHA, HORA, ESTADO, ACCION) VALUES (3, 1, 3, TO_DATE('2025-04-07', 'YYYY-MM-DD'), TO_TIMESTAMP('2024-01-01 09:30:00', 'YYYY-MM-DD HH24:MI:SS'), 'ACTIVO', 'Creacion');
INSERT INTO FIDE_HORARIO_TB (ID_HORARIO, ESTADO_ID, AULA_ID, FECHA, HORA, ESTADO, ACCION) VALUES (4, 1, 4, TO_DATE('2025-04-08', 'YYYY-MM-DD'), TO_TIMESTAMP('2024-01-01 10:00:00', 'YYYY-MM-DD HH24:MI:SS'), 'ACTIVO', 'Creacion');
INSERT INTO FIDE_HORARIO_TB (ID_HORARIO, ESTADO_ID, AULA_ID, FECHA, HORA, ESTADO, ACCION) VALUES (5, 1, 5, TO_DATE('2025-04-09', 'YYYY-MM-DD'), TO_TIMESTAMP('2024-01-01 10:30:00', 'YYYY-MM-DD HH24:MI:SS'), 'ACTIVO', 'Creacion');
INSERT INTO FIDE_HORARIO_TB (ID_HORARIO, ESTADO_ID, AULA_ID, FECHA, HORA, ESTADO, ACCION) VALUES (6, 1, 6, TO_DATE('2025-04-10', 'YYYY-MM-DD'), TO_TIMESTAMP('2024-01-01 11:00:00', 'YYYY-MM-DD HH24:MI:SS'), 'ACTIVO', 'Creacion');
INSERT INTO FIDE_HORARIO_TB (ID_HORARIO, ESTADO_ID, AULA_ID, FECHA, HORA, ESTADO, ACCION) VALUES (7, 1, 7, TO_DATE('2025-04-11', 'YYYY-MM-DD'), TO_TIMESTAMP('2024-01-01 11:30:00', 'YYYY-MM-DD HH24:MI:SS'), 'ACTIVO', 'Creacion');
INSERT INTO FIDE_HORARIO_TB (ID_HORARIO, ESTADO_ID, AULA_ID, FECHA, HORA, ESTADO, ACCION) VALUES (8, 1, 8, TO_DATE('2025-04-12', 'YYYY-MM-DD'), TO_TIMESTAMP('2024-01-01 12:00:00', 'YYYY-MM-DD HH24:MI:SS'), 'ACTIVO', 'Creacion');
INSERT INTO FIDE_HORARIO_TB (ID_HORARIO, ESTADO_ID, AULA_ID, FECHA, HORA, ESTADO, ACCION) VALUES (9, 1, 9, TO_DATE('2025-04-13', 'YYYY-MM-DD'), TO_TIMESTAMP('2024-01-01 12:30:00', 'YYYY-MM-DD HH24:MI:SS'), 'ACTIVO', 'Creacion');
INSERT INTO FIDE_HORARIO_TB (ID_HORARIO, ESTADO_ID, AULA_ID, FECHA, HORA, ESTADO, ACCION) VALUES (10, 1, 10, TO_DATE('2025-04-14', 'YYYY-MM-DD'), TO_TIMESTAMP('2024-01-01 13:00:00', 'YYYY-MM-DD HH24:MI:SS'), 'ACTIVO', 'Creacion');
INSERT INTO FIDE_HORARIO_TB (ID_HORARIO, ESTADO_ID, AULA_ID, FECHA, HORA, ESTADO, ACCION) VALUES (11, 1, 11, TO_DATE('2025-04-15', 'YYYY-MM-DD'), TO_TIMESTAMP('2024-01-01 13:30:00', 'YYYY-MM-DD HH24:MI:SS'), 'ACTIVO', 'Creacion');
INSERT INTO FIDE_HORARIO_TB (ID_HORARIO, ESTADO_ID, AULA_ID, FECHA, HORA, ESTADO, ACCION) VALUES (12, 1, 12, TO_DATE('2025-04-16', 'YYYY-MM-DD'), TO_TIMESTAMP('2024-01-01 14:00:00', 'YYYY-MM-DD HH24:MI:SS'), 'ACTIVO', 'Creacion');
INSERT INTO FIDE_HORARIO_TB (ID_HORARIO, ESTADO_ID, AULA_ID, FECHA, HORA, ESTADO, ACCION) VALUES (13, 1, 13, TO_DATE('2025-04-17', 'YYYY-MM-DD'), TO_TIMESTAMP('2024-01-01 14:30:00', 'YYYY-MM-DD HH24:MI:SS'), 'ACTIVO', 'Creacion');
INSERT INTO FIDE_HORARIO_TB (ID_HORARIO, ESTADO_ID, AULA_ID, FECHA, HORA, ESTADO, ACCION) VALUES (14, 1, 14, TO_DATE('2025-04-18', 'YYYY-MM-DD'), TO_TIMESTAMP('2024-01-01 15:00:00', 'YYYY-MM-DD HH24:MI:SS'), 'ACTIVO', 'Creacion');
INSERT INTO FIDE_HORARIO_TB (ID_HORARIO, ESTADO_ID, AULA_ID, FECHA, HORA, ESTADO, ACCION) VALUES (15, 1, 15, TO_DATE('2025-04-19', 'YYYY-MM-DD'), TO_TIMESTAMP('2024-01-01 15:30:00', 'YYYY-MM-DD HH24:MI:SS'), 'ACTIVO', 'Creacion');
INSERT INTO FIDE_HORARIO_TB (ID_HORARIO, ESTADO_ID, AULA_ID, FECHA, HORA, ESTADO, ACCION) VALUES (16, 1, 16, TO_DATE('2025-04-20', 'YYYY-MM-DD'), TO_TIMESTAMP('2024-01-01 16:00:00', 'YYYY-MM-DD HH24:MI:SS'), 'ACTIVO', 'Creacion');
INSERT INTO FIDE_HORARIO_TB (ID_HORARIO, ESTADO_ID, AULA_ID, FECHA, HORA, ESTADO, ACCION) VALUES (17, 1, 17, TO_DATE('2025-04-21', 'YYYY-MM-DD'), TO_TIMESTAMP('2024-01-01 16:30:00', 'YYYY-MM-DD HH24:MI:SS'), 'ACTIVO', 'Creacion');
INSERT INTO FIDE_HORARIO_TB (ID_HORARIO, ESTADO_ID, AULA_ID, FECHA, HORA, ESTADO, ACCION) VALUES (18, 1, 18, TO_DATE('2025-04-22', 'YYYY-MM-DD'), TO_TIMESTAMP('2024-01-01 17:00:00', 'YYYY-MM-DD HH24:MI:SS'), 'ACTIVO', 'Creacion');
INSERT INTO FIDE_HORARIO_TB (ID_HORARIO, ESTADO_ID, AULA_ID, FECHA, HORA, ESTADO, ACCION) VALUES (19, 1, 19, TO_DATE('2025-04-23', 'YYYY-MM-DD'), TO_TIMESTAMP('2024-01-01 17:30:00', 'YYYY-MM-DD HH24:MI:SS'), 'ACTIVO', 'Creacion');
INSERT INTO FIDE_HORARIO_TB (ID_HORARIO, ESTADO_ID, AULA_ID, FECHA, HORA, ESTADO, ACCION) VALUES (20, 1, 20, TO_DATE('2025-04-24', 'YYYY-MM-DD'), TO_TIMESTAMP('2024-01-01 18:00:00', 'YYYY-MM-DD HH24:MI:SS'), 'ACTIVO', 'Creacion');

INSERT INTO FIDE_NOTAS_TB (ID_NOTAS, ESTADO_ID, CALIFICACION, PORCENTAJE, OBERSEVACIONES, ESTADO, ACCION) VALUES (1, 1, 61, 6, 'Nota asignada al estudiante 100000001', 'ACTIVO', 'Creacion');
INSERT INTO FIDE_NOTAS_TB (ID_NOTAS, ESTADO_ID, CALIFICACION, PORCENTAJE, OBERSEVACIONES, ESTADO, ACCION) VALUES (2, 1, 62, 7, 'Nota asignada al estudiante 100000002', 'ACTIVO', 'Creacion');
INSERT INTO FIDE_NOTAS_TB (ID_NOTAS, ESTADO_ID, CALIFICACION, PORCENTAJE, OBERSEVACIONES, ESTADO, ACCION) VALUES (3, 1, 63, 8, 'Nota asignada al estudiante 100000003', 'ACTIVO', 'Creacion');
INSERT INTO FIDE_NOTAS_TB (ID_NOTAS, ESTADO_ID, CALIFICACION, PORCENTAJE, OBERSEVACIONES, ESTADO, ACCION) VALUES (4, 1, 64, 9, 'Nota asignada al estudiante 100000004', 'ACTIVO', 'Creacion');
INSERT INTO FIDE_NOTAS_TB (ID_NOTAS, ESTADO_ID, CALIFICACION, PORCENTAJE, OBERSEVACIONES, ESTADO, ACCION) VALUES (5, 1, 65, 10, 'Nota asignada al estudiante 100000005', 'ACTIVO', 'Creacion');
INSERT INTO FIDE_NOTAS_TB (ID_NOTAS, ESTADO_ID, CALIFICACION, PORCENTAJE, OBERSEVACIONES, ESTADO, ACCION) VALUES (6, 1, 66, 11, 'Nota asignada al estudiante 100000006', 'ACTIVO', 'Creacion');
INSERT INTO FIDE_NOTAS_TB (ID_NOTAS, ESTADO_ID, CALIFICACION, PORCENTAJE, OBERSEVACIONES, ESTADO, ACCION) VALUES (7, 1, 67, 12, 'Nota asignada al estudiante 100000007', 'ACTIVO', 'Creacion');
INSERT INTO FIDE_NOTAS_TB (ID_NOTAS, ESTADO_ID, CALIFICACION, PORCENTAJE, OBERSEVACIONES, ESTADO, ACCION) VALUES (8, 1, 68, 13, 'Nota asignada al estudiante 100000008', 'ACTIVO', 'Creacion');
INSERT INTO FIDE_NOTAS_TB (ID_NOTAS, ESTADO_ID, CALIFICACION, PORCENTAJE, OBERSEVACIONES, ESTADO, ACCION) VALUES (9, 1, 69, 14, 'Nota asignada al estudiante 100000009', 'ACTIVO', 'Creacion');
INSERT INTO FIDE_NOTAS_TB (ID_NOTAS, ESTADO_ID, CALIFICACION, PORCENTAJE, OBERSEVACIONES, ESTADO, ACCION) VALUES (10, 1, 70, 15, 'Nota asignada al estudiante 100000010', 'ACTIVO', 'Creacion');
INSERT INTO FIDE_NOTAS_TB (ID_NOTAS, ESTADO_ID, CALIFICACION, PORCENTAJE, OBERSEVACIONES, ESTADO, ACCION) VALUES (11, 1, 71, 16, 'Nota asignada al estudiante 100000011', 'ACTIVO', 'Creacion');
INSERT INTO FIDE_NOTAS_TB (ID_NOTAS, ESTADO_ID, CALIFICACION, PORCENTAJE, OBERSEVACIONES, ESTADO, ACCION) VALUES (12, 1, 72, 17, 'Nota asignada al estudiante 100000012', 'ACTIVO', 'Creacion');
INSERT INTO FIDE_NOTAS_TB (ID_NOTAS, ESTADO_ID, CALIFICACION, PORCENTAJE, OBERSEVACIONES, ESTADO, ACCION) VALUES (13, 1, 73, 18, 'Nota asignada al estudiante 100000013', 'ACTIVO', 'Creacion');
INSERT INTO FIDE_NOTAS_TB (ID_NOTAS, ESTADO_ID, CALIFICACION, PORCENTAJE, OBERSEVACIONES, ESTADO, ACCION) VALUES (14, 1, 74, 19, 'Nota asignada al estudiante 100000014', 'ACTIVO', 'Creacion');
INSERT INTO FIDE_NOTAS_TB (ID_NOTAS, ESTADO_ID, CALIFICACION, PORCENTAJE, OBERSEVACIONES, ESTADO, ACCION) VALUES (15, 1, 75, 20, 'Nota asignada al estudiante 100000015', 'ACTIVO', 'Creacion');
INSERT INTO FIDE_NOTAS_TB (ID_NOTAS, ESTADO_ID, CALIFICACION, PORCENTAJE, OBERSEVACIONES, ESTADO, ACCION) VALUES (16, 1, 76, 21, 'Nota asignada al estudiante 100000016', 'ACTIVO', 'Creacion');
INSERT INTO FIDE_NOTAS_TB (ID_NOTAS, ESTADO_ID, CALIFICACION, PORCENTAJE, OBERSEVACIONES, ESTADO, ACCION) VALUES (17, 1, 77, 22, 'Nota asignada al estudiante 100000017', 'ACTIVO', 'Creacion');
INSERT INTO FIDE_NOTAS_TB (ID_NOTAS, ESTADO_ID, CALIFICACION, PORCENTAJE, OBERSEVACIONES, ESTADO, ACCION) VALUES (18, 1, 78, 23, 'Nota asignada al estudiante 100000018', 'ACTIVO', 'Creacion');
INSERT INTO FIDE_NOTAS_TB (ID_NOTAS, ESTADO_ID, CALIFICACION, PORCENTAJE, OBERSEVACIONES, ESTADO, ACCION) VALUES (19, 1, 79, 24, 'Nota asignada al estudiante 100000019', 'ACTIVO', 'Creacion');
INSERT INTO FIDE_NOTAS_TB (ID_NOTAS, ESTADO_ID, CALIFICACION, PORCENTAJE, OBERSEVACIONES, ESTADO, ACCION) VALUES (20, 1, 80, 25, 'Nota asignada al estudiante 100000020', 'ACTIVO', 'Creacion');


----------------

INSERT INTO FIDE_MATERIA_TB (ID_MATERIA, ID_PROFESORES, ESTADO_ID, NOMBRE, DESCRIPCION, CREDITOS, ESTADO, ACCION) VALUES (1, 100000021, 1, 'Matematicas Basicas', 'Fundamentos de aritmetica, algebra y geometria.', 1, 'ACTIVO', 'Creacion');
INSERT INTO FIDE_MATERIA_TB (ID_MATERIA, ID_PROFESORES, ESTADO_ID, NOMBRE, DESCRIPCION, CREDITOS, ESTADO, ACCION) VALUES (2, 100000022, 1, 'Ingles I', 'Introduccion al idioma ingles: vocabulario y gramatica.', 2, 'ACTIVO', 'Creacion');
INSERT INTO FIDE_MATERIA_TB (ID_MATERIA, ID_PROFESORES, ESTADO_ID, NOMBRE, DESCRIPCION, CREDITOS, ESTADO, ACCION) VALUES (3, 100000023, 1, 'Fisica General', 'Estudio de leyes del movimiento, energia y fuerzas.', 3, 'ACTIVO', 'Creacion');
INSERT INTO FIDE_MATERIA_TB (ID_MATERIA, ID_PROFESORES, ESTADO_ID, NOMBRE, DESCRIPCION, CREDITOS, ESTADO, ACCION) VALUES (4, 100000024, 1, 'Programacion I', 'Fundamentos de programacion estructurada en Python.', 4, 'ACTIVO', 'Creacion');
INSERT INTO FIDE_MATERIA_TB (ID_MATERIA, ID_PROFESORES, ESTADO_ID, NOMBRE, DESCRIPCION, CREDITOS, ESTADO, ACCION) VALUES (5, 100000025, 1, 'Quimica General', 'Estructura atomica, enlaces quimicos y reacciones.', 5, 'ACTIVO', 'Creacion');
INSERT INTO FIDE_MATERIA_TB (ID_MATERIA, ID_PROFESORES, ESTADO_ID, NOMBRE, DESCRIPCION, CREDITOS, ESTADO, ACCION) VALUES (6, 100000026, 1, 'Biologia Celular', 'Estudio de la estructura y funcion de las celulas.', 6, 'ACTIVO', 'Creacion');
INSERT INTO FIDE_MATERIA_TB (ID_MATERIA, ID_PROFESORES, ESTADO_ID, NOMBRE, DESCRIPCION, CREDITOS, ESTADO, ACCION) VALUES (7, 100000027, 1, 'Historia de Costa Rica', 'Eventos historicos relevantes del pais.', 1, 'ACTIVO', 'Creacion');
INSERT INTO FIDE_MATERIA_TB (ID_MATERIA, ID_PROFESORES, ESTADO_ID, NOMBRE, DESCRIPCION, CREDITOS, ESTADO, ACCION) VALUES (8, 100000028, 1, 'Educacion Civica', 'Derechos, deberes y participacion ciudadana.', 2, 'ACTIVO', 'Creacion');
INSERT INTO FIDE_MATERIA_TB (ID_MATERIA, ID_PROFESORES, ESTADO_ID, NOMBRE, DESCRIPCION, CREDITOS, ESTADO, ACCION) VALUES (9, 100000029, 1, 'Contabilidad I', 'Principios basicos de la contabilidad financiera.', 3, 'ACTIVO', 'Creacion');
INSERT INTO FIDE_MATERIA_TB (ID_MATERIA, ID_PROFESORES, ESTADO_ID, NOMBRE, DESCRIPCION, CREDITOS, ESTADO, ACCION) VALUES (10, 100000030, 1, 'Informatica Basica', 'Uso de software de oficina y navegacion web.', 4, 'ACTIVO', 'Creacion');
INSERT INTO FIDE_MATERIA_TB (ID_MATERIA, ID_PROFESORES, ESTADO_ID, NOMBRE, DESCRIPCION, CREDITOS, ESTADO, ACCION) VALUES (11, 100000031, 1, 'Literatura Universal', 'Analisis de obras literarias clasicas.', 5, 'ACTIVO', 'Creacion');
INSERT INTO FIDE_MATERIA_TB (ID_MATERIA, ID_PROFESORES, ESTADO_ID, NOMBRE, DESCRIPCION, CREDITOS, ESTADO, ACCION) VALUES (12, 100000032, 1, 'Filosofia', 'Introduccion al pensamiento filosofico occidental.', 6, 'ACTIVO', 'Creacion');
INSERT INTO FIDE_MATERIA_TB (ID_MATERIA, ID_PROFESORES, ESTADO_ID, NOMBRE, DESCRIPCION, CREDITOS, ESTADO, ACCION) VALUES (13, 100000033, 1, 'Educacion Fisica', 'Actividad fisica, salud y acondicionamiento.', 1, 'ACTIVO', 'Creacion');
INSERT INTO FIDE_MATERIA_TB (ID_MATERIA, ID_PROFESORES, ESTADO_ID, NOMBRE, DESCRIPCION, CREDITOS, ESTADO, ACCION) VALUES (14, 100000034, 1, 'Musica', 'Teoria musical basica y apreciacion artistica.', 2, 'ACTIVO', 'Creacion');
INSERT INTO FIDE_MATERIA_TB (ID_MATERIA, ID_PROFESORES, ESTADO_ID, NOMBRE, DESCRIPCION, CREDITOS, ESTADO, ACCION) VALUES (15, 100000035, 1, 'Arte y Cultura', 'Exploracion de expresiones artisticas y culturales.', 3, 'ACTIVO', 'Creacion');
INSERT INTO FIDE_MATERIA_TB (ID_MATERIA, ID_PROFESORES, ESTADO_ID, NOMBRE, DESCRIPCION, CREDITOS, ESTADO, ACCION) VALUES (16, 100000036, 1, 'etica Profesional', 'Principios eticos aplicados a la vida laboral.', 4, 'ACTIVO', 'Creacion');
INSERT INTO FIDE_MATERIA_TB (ID_MATERIA, ID_PROFESORES, ESTADO_ID, NOMBRE, DESCRIPCION, CREDITOS, ESTADO, ACCION) VALUES (17, 100000037, 1, 'Estadistica', 'Analisis de datos, probabilidades e inferencias.', 5, 'ACTIVO', 'Creacion');
INSERT INTO FIDE_MATERIA_TB (ID_MATERIA, ID_PROFESORES, ESTADO_ID, NOMBRE, DESCRIPCION, CREDITOS, ESTADO, ACCION) VALUES (18, 100000038, 1, 'Electronica Basica', 'Componentes electronicos y circuitos basicos.', 6, 'ACTIVO', 'Creacion');
INSERT INTO FIDE_MATERIA_TB (ID_MATERIA, ID_PROFESORES, ESTADO_ID, NOMBRE, DESCRIPCION, CREDITOS, ESTADO, ACCION) VALUES (19, 100000039, 1, 'Diseno Grafico', 'Fundamentos de diseno y uso de herramientas digitales.', 1, 'ACTIVO', 'Creacion');
INSERT INTO FIDE_MATERIA_TB (ID_MATERIA, ID_PROFESORES, ESTADO_ID, NOMBRE, DESCRIPCION, CREDITOS, ESTADO, ACCION) VALUES (20, 100000040, 1, 'Psicologia General', 'Introduccion al estudio del comportamiento humano.', 2, 'ACTIVO', 'Creacion');


INSERT INTO FIDE_ESTUDIANTE_MATERIA_TB (ID_EM, ID_ESTUDIANTE, ID_MATERIA, ESTADO_ID, ESTADO, ACCION) VALUES (1, 100000001, 1, 1, 'ACTIVO', 'Creacion');
INSERT INTO FIDE_ESTUDIANTE_MATERIA_TB (ID_EM, ID_ESTUDIANTE, ID_MATERIA, ESTADO_ID, ESTADO, ACCION) VALUES (2, 100000002, 2, 1, 'ACTIVO', 'Creacion');
INSERT INTO FIDE_ESTUDIANTE_MATERIA_TB (ID_EM, ID_ESTUDIANTE, ID_MATERIA, ESTADO_ID, ESTADO, ACCION) VALUES (3, 100000003, 3, 1, 'ACTIVO', 'Creacion');
INSERT INTO FIDE_ESTUDIANTE_MATERIA_TB (ID_EM, ID_ESTUDIANTE, ID_MATERIA, ESTADO_ID, ESTADO, ACCION) VALUES (4, 100000004, 4, 1, 'ACTIVO', 'Creacion');
INSERT INTO FIDE_ESTUDIANTE_MATERIA_TB (ID_EM, ID_ESTUDIANTE, ID_MATERIA, ESTADO_ID, ESTADO, ACCION) VALUES (5, 100000005, 5, 1, 'ACTIVO', 'Creacion');
INSERT INTO FIDE_ESTUDIANTE_MATERIA_TB (ID_EM, ID_ESTUDIANTE, ID_MATERIA, ESTADO_ID, ESTADO, ACCION) VALUES (6, 100000006, 6, 1, 'ACTIVO', 'Creacion');
INSERT INTO FIDE_ESTUDIANTE_MATERIA_TB (ID_EM, ID_ESTUDIANTE, ID_MATERIA, ESTADO_ID, ESTADO, ACCION) VALUES (7, 100000007, 7, 1, 'ACTIVO', 'Creacion');
INSERT INTO FIDE_ESTUDIANTE_MATERIA_TB (ID_EM, ID_ESTUDIANTE, ID_MATERIA, ESTADO_ID, ESTADO, ACCION) VALUES (8, 100000008, 8, 1, 'ACTIVO', 'Creacion');
INSERT INTO FIDE_ESTUDIANTE_MATERIA_TB (ID_EM, ID_ESTUDIANTE, ID_MATERIA, ESTADO_ID, ESTADO, ACCION) VALUES (9, 100000009, 9, 1, 'ACTIVO', 'Creacion');
INSERT INTO FIDE_ESTUDIANTE_MATERIA_TB (ID_EM, ID_ESTUDIANTE, ID_MATERIA, ESTADO_ID, ESTADO, ACCION) VALUES (10, 100000010, 10, 1, 'ACTIVO', 'Creacion');
INSERT INTO FIDE_ESTUDIANTE_MATERIA_TB (ID_EM, ID_ESTUDIANTE, ID_MATERIA, ESTADO_ID, ESTADO, ACCION) VALUES (11, 100000011, 11, 1, 'ACTIVO', 'Creacion');
INSERT INTO FIDE_ESTUDIANTE_MATERIA_TB (ID_EM, ID_ESTUDIANTE, ID_MATERIA, ESTADO_ID, ESTADO, ACCION) VALUES (12, 100000012, 12, 1, 'ACTIVO', 'Creacion');
INSERT INTO FIDE_ESTUDIANTE_MATERIA_TB (ID_EM, ID_ESTUDIANTE, ID_MATERIA, ESTADO_ID, ESTADO, ACCION) VALUES (13, 100000013, 13, 1, 'ACTIVO', 'Creacion');
INSERT INTO FIDE_ESTUDIANTE_MATERIA_TB (ID_EM, ID_ESTUDIANTE, ID_MATERIA, ESTADO_ID, ESTADO, ACCION) VALUES (14, 100000014, 14, 1, 'ACTIVO', 'Creacion');
INSERT INTO FIDE_ESTUDIANTE_MATERIA_TB (ID_EM, ID_ESTUDIANTE, ID_MATERIA, ESTADO_ID, ESTADO, ACCION) VALUES (15, 100000015, 15, 1, 'ACTIVO', 'Creacion');
INSERT INTO FIDE_ESTUDIANTE_MATERIA_TB (ID_EM, ID_ESTUDIANTE, ID_MATERIA, ESTADO_ID, ESTADO, ACCION) VALUES (16, 100000016, 16, 1, 'ACTIVO', 'Creacion');
INSERT INTO FIDE_ESTUDIANTE_MATERIA_TB (ID_EM, ID_ESTUDIANTE, ID_MATERIA, ESTADO_ID, ESTADO, ACCION) VALUES (17, 100000017, 17, 1, 'ACTIVO', 'Creacion');
INSERT INTO FIDE_ESTUDIANTE_MATERIA_TB (ID_EM, ID_ESTUDIANTE, ID_MATERIA, ESTADO_ID, ESTADO, ACCION) VALUES (18, 100000018, 18, 1, 'ACTIVO', 'Creacion');
INSERT INTO FIDE_ESTUDIANTE_MATERIA_TB (ID_EM, ID_ESTUDIANTE, ID_MATERIA, ESTADO_ID, ESTADO, ACCION) VALUES (19, 100000019, 19, 1, 'ACTIVO', 'Creacion');
INSERT INTO FIDE_ESTUDIANTE_MATERIA_TB (ID_EM, ID_ESTUDIANTE, ID_MATERIA, ESTADO_ID, ESTADO, ACCION) VALUES (20, 100000020, 20, 1, 'ACTIVO', 'Creacion');

INSERT INTO FIDE_MATERIAS_HORARIOS_TB (ID_MH, ID_MATERIA, ID_HORARIO, ESTADO_ID, ESTADO, ACCION) VALUES (1, 1, 1, 1, 'ACTIVO', 'Creacion');
INSERT INTO FIDE_MATERIAS_HORARIOS_TB (ID_MH, ID_MATERIA, ID_HORARIO, ESTADO_ID, ESTADO, ACCION) VALUES (2, 2, 2, 1, 'ACTIVO', 'Creacion');
INSERT INTO FIDE_MATERIAS_HORARIOS_TB (ID_MH, ID_MATERIA, ID_HORARIO, ESTADO_ID, ESTADO, ACCION) VALUES (3, 3, 3, 1, 'ACTIVO', 'Creacion');
INSERT INTO FIDE_MATERIAS_HORARIOS_TB (ID_MH, ID_MATERIA, ID_HORARIO, ESTADO_ID, ESTADO, ACCION) VALUES (4, 4, 4, 1, 'ACTIVO', 'Creacion');
INSERT INTO FIDE_MATERIAS_HORARIOS_TB (ID_MH, ID_MATERIA, ID_HORARIO, ESTADO_ID, ESTADO, ACCION) VALUES (5, 5, 5, 1, 'ACTIVO', 'Creacion');
INSERT INTO FIDE_MATERIAS_HORARIOS_TB (ID_MH, ID_MATERIA, ID_HORARIO, ESTADO_ID, ESTADO, ACCION) VALUES (6, 6, 6, 1, 'ACTIVO', 'Creacion');
INSERT INTO FIDE_MATERIAS_HORARIOS_TB (ID_MH, ID_MATERIA, ID_HORARIO, ESTADO_ID, ESTADO, ACCION) VALUES (7, 7, 7, 1, 'ACTIVO', 'Creacion');
INSERT INTO FIDE_MATERIAS_HORARIOS_TB (ID_MH, ID_MATERIA, ID_HORARIO, ESTADO_ID, ESTADO, ACCION) VALUES (8, 8, 8, 1, 'ACTIVO', 'Creacion');
INSERT INTO FIDE_MATERIAS_HORARIOS_TB (ID_MH, ID_MATERIA, ID_HORARIO, ESTADO_ID, ESTADO, ACCION) VALUES (9, 9, 9, 1, 'ACTIVO', 'Creacion');
INSERT INTO FIDE_MATERIAS_HORARIOS_TB (ID_MH, ID_MATERIA, ID_HORARIO, ESTADO_ID, ESTADO, ACCION) VALUES (10, 10, 10, 1, 'ACTIVO', 'Creacion');
INSERT INTO FIDE_MATERIAS_HORARIOS_TB (ID_MH, ID_MATERIA, ID_HORARIO, ESTADO_ID, ESTADO, ACCION) VALUES (11, 11, 11, 1, 'ACTIVO', 'Creacion');
INSERT INTO FIDE_MATERIAS_HORARIOS_TB (ID_MH, ID_MATERIA, ID_HORARIO, ESTADO_ID, ESTADO, ACCION) VALUES (12, 12, 12, 1, 'ACTIVO', 'Creacion');
INSERT INTO FIDE_MATERIAS_HORARIOS_TB (ID_MH, ID_MATERIA, ID_HORARIO, ESTADO_ID, ESTADO, ACCION) VALUES (13, 13, 13, 1, 'ACTIVO', 'Creacion');
INSERT INTO FIDE_MATERIAS_HORARIOS_TB (ID_MH, ID_MATERIA, ID_HORARIO, ESTADO_ID, ESTADO, ACCION) VALUES (14, 14, 14, 1, 'ACTIVO', 'Creacion');
INSERT INTO FIDE_MATERIAS_HORARIOS_TB (ID_MH, ID_MATERIA, ID_HORARIO, ESTADO_ID, ESTADO, ACCION) VALUES (15, 15, 15, 1, 'ACTIVO', 'Creacion');
INSERT INTO FIDE_MATERIAS_HORARIOS_TB (ID_MH, ID_MATERIA, ID_HORARIO, ESTADO_ID, ESTADO, ACCION) VALUES (16, 16, 16, 1, 'ACTIVO', 'Creacion');
INSERT INTO FIDE_MATERIAS_HORARIOS_TB (ID_MH, ID_MATERIA, ID_HORARIO, ESTADO_ID, ESTADO, ACCION) VALUES (17, 17, 17, 1, 'ACTIVO', 'Creacion');
INSERT INTO FIDE_MATERIAS_HORARIOS_TB (ID_MH, ID_MATERIA, ID_HORARIO, ESTADO_ID, ESTADO, ACCION) VALUES (18, 18, 18, 1, 'ACTIVO', 'Creacion');
INSERT INTO FIDE_MATERIAS_HORARIOS_TB (ID_MH, ID_MATERIA, ID_HORARIO, ESTADO_ID, ESTADO, ACCION) VALUES (19, 19, 19, 1, 'ACTIVO', 'Creacion');
INSERT INTO FIDE_MATERIAS_HORARIOS_TB (ID_MH, ID_MATERIA, ID_HORARIO, ESTADO_ID, ESTADO, ACCION) VALUES (20, 20, 20, 1, 'ACTIVO', 'Creacion');


INSERT INTO FIDE_EMAIL_TB (ID_EMAIL, ESTADO_ID, CORREO_ELECTRONICO, ESTADO, ACCION) VALUES (1, 1, 'danny.reeves@ejemplo.com', 'ACTIVO', 'Creacion');
INSERT INTO FIDE_EMAIL_TB (ID_EMAIL, ESTADO_ID, CORREO_ELECTRONICO, ESTADO, ACCION) VALUES (2, 1, 'bruce.kelly@ejemplo.com', 'ACTIVO', 'Creacion');
INSERT INTO FIDE_EMAIL_TB (ID_EMAIL, ESTADO_ID, CORREO_ELECTRONICO, ESTADO, ACCION) VALUES (3, 1, 'ericka.estrada@ejemplo.com', 'ACTIVO', 'Creacion');
INSERT INTO FIDE_EMAIL_TB (ID_EMAIL, ESTADO_ID, CORREO_ELECTRONICO, ESTADO, ACCION) VALUES (4, 1, 'logan.henderson@ejemplo.com', 'ACTIVO', 'Creacion');
INSERT INTO FIDE_EMAIL_TB (ID_EMAIL, ESTADO_ID, CORREO_ELECTRONICO, ESTADO, ACCION) VALUES (5, 1, 'javier.nieves@ejemplo.com', 'ACTIVO', 'Creacion');
INSERT INTO FIDE_EMAIL_TB (ID_EMAIL, ESTADO_ID, CORREO_ELECTRONICO, ESTADO, ACCION) VALUES (6, 1, 'camila.morera@ejemplo.com', 'ACTIVO', 'Creacion');
INSERT INTO FIDE_EMAIL_TB (ID_EMAIL, ESTADO_ID, CORREO_ELECTRONICO, ESTADO, ACCION) VALUES (7, 1, 'elena.mata@ejemplo.com', 'ACTIVO', 'Creacion');
INSERT INTO FIDE_EMAIL_TB (ID_EMAIL, ESTADO_ID, CORREO_ELECTRONICO, ESTADO, ACCION) VALUES (8, 1, 'carlos.jimenez@ejemplo.com', 'ACTIVO', 'Creacion');
INSERT INTO FIDE_EMAIL_TB (ID_EMAIL, ESTADO_ID, CORREO_ELECTRONICO, ESTADO, ACCION) VALUES (9, 1, 'sofia.martinez@ejemplo.com', 'ACTIVO', 'Creacion');
INSERT INTO FIDE_EMAIL_TB (ID_EMAIL, ESTADO_ID, CORREO_ELECTRONICO, ESTADO, ACCION) VALUES (10, 1, 'lucas.gomez@ejemplo.com', 'ACTIVO', 'Creacion');
INSERT INTO FIDE_EMAIL_TB (ID_EMAIL, ESTADO_ID, CORREO_ELECTRONICO, ESTADO, ACCION) VALUES (11, 1, 'valentina.sanchez@ejemplo.com', 'ACTIVO', 'Creacion');
INSERT INTO FIDE_EMAIL_TB (ID_EMAIL, ESTADO_ID, CORREO_ELECTRONICO, ESTADO, ACCION) VALUES (12, 1, 'diego.rojas@ejemplo.com', 'ACTIVO', 'Creacion');
INSERT INTO FIDE_EMAIL_TB (ID_EMAIL, ESTADO_ID, CORREO_ELECTRONICO, ESTADO, ACCION) VALUES (13, 1, 'isabela.araya@ejemplo.com', 'ACTIVO', 'Creacion');
INSERT INTO FIDE_EMAIL_TB (ID_EMAIL, ESTADO_ID, CORREO_ELECTRONICO, ESTADO, ACCION) VALUES (14, 1, 'mateo.rodriguez@ejemplo.com', 'ACTIVO', 'Creacion');
INSERT INTO FIDE_EMAIL_TB (ID_EMAIL, ESTADO_ID, CORREO_ELECTRONICO, ESTADO, ACCION) VALUES (15, 1, 'mariana.calva@ejemplo.com', 'ACTIVO', 'Creacion');
INSERT INTO FIDE_EMAIL_TB (ID_EMAIL, ESTADO_ID, CORREO_ELECTRONICO, ESTADO, ACCION) VALUES (16, 1, 'sebastan.pineda@ejemplo.com', 'ACTIVO', 'Creacion');
INSERT INTO FIDE_EMAIL_TB (ID_EMAIL, ESTADO_ID, CORREO_ELECTRONICO, ESTADO, ACCION) VALUES (17, 1, 'lucia.cruz@ejemplo.com', 'ACTIVO', 'Creacion');
INSERT INTO FIDE_EMAIL_TB (ID_EMAIL, ESTADO_ID, CORREO_ELECTRONICO, ESTADO, ACCION) VALUES (18, 1, 'tomas.vega@ejemplo.com', 'ACTIVO', 'Creacion');
INSERT INTO FIDE_EMAIL_TB (ID_EMAIL, ESTADO_ID, CORREO_ELECTRONICO, ESTADO, ACCION) VALUES (19, 1, 'fernanda.alvarado@ejemplo.com', 'ACTIVO', 'Creacion');
INSERT INTO FIDE_EMAIL_TB (ID_EMAIL, ESTADO_ID, CORREO_ELECTRONICO, ESTADO, ACCION) VALUES (20, 1, 'andres.leiva@ejemplo.com', 'ACTIVO', 'Creacion');
INSERT INTO FIDE_EMAIL_TB (ID_EMAIL, ESTADO_ID, CORREO_ELECTRONICO, ESTADO, ACCION) VALUES (21, 1, 'daniela.gonzalez@ejemplo.com', 'ACTIVO', 'Creacion');
INSERT INTO FIDE_EMAIL_TB (ID_EMAIL, ESTADO_ID, CORREO_ELECTRONICO, ESTADO, ACCION) VALUES (22, 1, 'ricardo.molina@ejemplo.com', 'ACTIVO', 'Creacion');
INSERT INTO FIDE_EMAIL_TB (ID_EMAIL, ESTADO_ID, CORREO_ELECTRONICO, ESTADO, ACCION) VALUES (23, 1, 'natalia.vargas@ejemplo.com', 'ACTIVO', 'Creacion');
INSERT INTO FIDE_EMAIL_TB (ID_EMAIL, ESTADO_ID, CORREO_ELECTRONICO, ESTADO, ACCION) VALUES (24, 1, 'luis.salas@ejemplo.com', 'ACTIVO', 'Creacion');
INSERT INTO FIDE_EMAIL_TB (ID_EMAIL, ESTADO_ID, CORREO_ELECTRONICO, ESTADO, ACCION) VALUES (25, 1, 'andrea.zamora@ejemplo.com', 'ACTIVO', 'Creacion');
INSERT INTO FIDE_EMAIL_TB (ID_EMAIL, ESTADO_ID, CORREO_ELECTRONICO, ESTADO, ACCION) VALUES (26, 1, 'jorge.soto@ejemplo.com', 'ACTIVO', 'Creacion');
INSERT INTO FIDE_EMAIL_TB (ID_EMAIL, ESTADO_ID, CORREO_ELECTRONICO, ESTADO, ACCION) VALUES (27, 1, 'michelle.solano@ejemplo.com', 'ACTIVO', 'Creacion');
INSERT INTO FIDE_EMAIL_TB (ID_EMAIL, ESTADO_ID, CORREO_ELECTRONICO, ESTADO, ACCION) VALUES (28, 1, 'roberto.valverde@ejemplo.com', 'ACTIVO', 'Creacion');
INSERT INTO FIDE_EMAIL_TB (ID_EMAIL, ESTADO_ID, CORREO_ELECTRONICO, ESTADO, ACCION) VALUES (29, 1, 'paula.sequeira@ejemplo.com', 'ACTIVO', 'Creacion');
INSERT INTO FIDE_EMAIL_TB (ID_EMAIL, ESTADO_ID, CORREO_ELECTRONICO, ESTADO, ACCION) VALUES (30, 1, 'esteban.alfaro@ejemplo.com', 'ACTIVO', 'Creacion');
INSERT INTO FIDE_EMAIL_TB (ID_EMAIL, ESTADO_ID, CORREO_ELECTRONICO, ESTADO, ACCION) VALUES (31, 1, 'gabriela.meza@ejemplo.com', 'ACTIVO', 'Creacion');
INSERT INTO FIDE_EMAIL_TB (ID_EMAIL, ESTADO_ID, CORREO_ELECTRONICO, ESTADO, ACCION) VALUES (32, 1, 'adrian.cascante@ejemplo.com', 'ACTIVO', 'Creacion');
INSERT INTO FIDE_EMAIL_TB (ID_EMAIL, ESTADO_ID, CORREO_ELECTRONICO, ESTADO, ACCION) VALUES (33, 1, 'laura.esquivel@ejemplo.com', 'ACTIVO', 'Creacion');
INSERT INTO FIDE_EMAIL_TB (ID_EMAIL, ESTADO_ID, CORREO_ELECTRONICO, ESTADO, ACCION) VALUES (34, 1, 'marcos.delgado@ejemplo.com', 'ACTIVO', 'Creacion');
INSERT INTO FIDE_EMAIL_TB (ID_EMAIL, ESTADO_ID, CORREO_ELECTRONICO, ESTADO, ACCION) VALUES (35, 1, 'irene.campos@ejemplo.com', 'ACTIVO', 'Creacion');
INSERT INTO FIDE_EMAIL_TB (ID_EMAIL, ESTADO_ID, CORREO_ELECTRONICO, ESTADO, ACCION) VALUES (36, 1, 'francisco.urena@ejemplo.com', 'ACTIVO', 'Creacion');
INSERT INTO FIDE_EMAIL_TB (ID_EMAIL, ESTADO_ID, CORREO_ELECTRONICO, ESTADO, ACCION) VALUES (37, 1, 'viviana.cordero@ejemplo.com', 'ACTIVO', 'Creacion');
INSERT INTO FIDE_EMAIL_TB (ID_EMAIL, ESTADO_ID, CORREO_ELECTRONICO, ESTADO, ACCION) VALUES (38, 1, 'alonso.rios@ejemplo.com', 'ACTIVO', 'Creacion');
INSERT INTO FIDE_EMAIL_TB (ID_EMAIL, ESTADO_ID, CORREO_ELECTRONICO, ESTADO, ACCION) VALUES (39, 1, 'monserrat.navarro@ejemplo.com', 'ACTIVO', 'Creacion');
INSERT INTO FIDE_EMAIL_TB (ID_EMAIL, ESTADO_ID, CORREO_ELECTRONICO, ESTADO, ACCION) VALUES (40, 1, 'eduardo.bolanos@ejemplo.com', 'ACTIVO', 'Creacion');



----------------

INSERT INTO FIDE_TELEFONOS_TB (ID_TELEFONO, ESTADO_ID, TELEFONO, ESTADO, ACCION) VALUES (1, 1, 88880001, 'ACTIVO', 'Creacion');
INSERT INTO FIDE_TELEFONOS_TB (ID_TELEFONO, ESTADO_ID, TELEFONO, ESTADO, ACCION) VALUES (2, 1, 88880002, 'ACTIVO', 'Creacion');
INSERT INTO FIDE_TELEFONOS_TB (ID_TELEFONO, ESTADO_ID, TELEFONO, ESTADO, ACCION) VALUES (3, 1, 88880003, 'ACTIVO', 'Creacion');
INSERT INTO FIDE_TELEFONOS_TB (ID_TELEFONO, ESTADO_ID, TELEFONO, ESTADO, ACCION) VALUES (4, 1, 88880004, 'ACTIVO', 'Creacion');
INSERT INTO FIDE_TELEFONOS_TB (ID_TELEFONO, ESTADO_ID, TELEFONO, ESTADO, ACCION) VALUES (5, 1, 88880005, 'ACTIVO', 'Creacion');
INSERT INTO FIDE_TELEFONOS_TB (ID_TELEFONO, ESTADO_ID, TELEFONO, ESTADO, ACCION) VALUES (6, 1, 88880006, 'ACTIVO', 'Creacion');
INSERT INTO FIDE_TELEFONOS_TB (ID_TELEFONO, ESTADO_ID, TELEFONO, ESTADO, ACCION) VALUES (7, 1, 88880007, 'ACTIVO', 'Creacion');
INSERT INTO FIDE_TELEFONOS_TB (ID_TELEFONO, ESTADO_ID, TELEFONO, ESTADO, ACCION) VALUES (8, 1, 88880008, 'ACTIVO', 'Creacion');
INSERT INTO FIDE_TELEFONOS_TB (ID_TELEFONO, ESTADO_ID, TELEFONO, ESTADO, ACCION) VALUES (9, 1, 88880009, 'ACTIVO', 'Creacion');
INSERT INTO FIDE_TELEFONOS_TB (ID_TELEFONO, ESTADO_ID, TELEFONO, ESTADO, ACCION) VALUES (10, 1, 88880010, 'ACTIVO', 'Creacion');
INSERT INTO FIDE_TELEFONOS_TB (ID_TELEFONO, ESTADO_ID, TELEFONO, ESTADO, ACCION) VALUES (11, 1, 88880011, 'ACTIVO', 'Creacion');
INSERT INTO FIDE_TELEFONOS_TB (ID_TELEFONO, ESTADO_ID, TELEFONO, ESTADO, ACCION) VALUES (12, 1, 88880012, 'ACTIVO', 'Creacion');
INSERT INTO FIDE_TELEFONOS_TB (ID_TELEFONO, ESTADO_ID, TELEFONO, ESTADO, ACCION) VALUES (13, 1, 88880013, 'ACTIVO', 'Creacion');
INSERT INTO FIDE_TELEFONOS_TB (ID_TELEFONO, ESTADO_ID, TELEFONO, ESTADO, ACCION) VALUES (14, 1, 88880014, 'ACTIVO', 'Creacion');
INSERT INTO FIDE_TELEFONOS_TB (ID_TELEFONO, ESTADO_ID, TELEFONO, ESTADO, ACCION) VALUES (15, 1, 88880015, 'ACTIVO', 'Creacion');
INSERT INTO FIDE_TELEFONOS_TB (ID_TELEFONO, ESTADO_ID, TELEFONO, ESTADO, ACCION) VALUES (16, 1, 88880016, 'ACTIVO', 'Creacion');
INSERT INTO FIDE_TELEFONOS_TB (ID_TELEFONO, ESTADO_ID, TELEFONO, ESTADO, ACCION) VALUES (17, 1, 88880017, 'ACTIVO', 'Creacion');
INSERT INTO FIDE_TELEFONOS_TB (ID_TELEFONO, ESTADO_ID, TELEFONO, ESTADO, ACCION) VALUES (18, 1, 88880018, 'ACTIVO', 'Creacion');
INSERT INTO FIDE_TELEFONOS_TB (ID_TELEFONO, ESTADO_ID, TELEFONO, ESTADO, ACCION) VALUES (19, 1, 88880019, 'ACTIVO', 'Creacion');
INSERT INTO FIDE_TELEFONOS_TB (ID_TELEFONO, ESTADO_ID, TELEFONO, ESTADO, ACCION) VALUES (20, 1, 88880020, 'ACTIVO', 'Creacion');
INSERT INTO FIDE_TELEFONOS_TB (ID_TELEFONO, ESTADO_ID, TELEFONO, ESTADO, ACCION) VALUES (21, 1, 88880021, 'ACTIVO', 'Creacion');
INSERT INTO FIDE_TELEFONOS_TB (ID_TELEFONO, ESTADO_ID, TELEFONO, ESTADO, ACCION) VALUES (22, 1, 88880022, 'ACTIVO', 'Creacion');
INSERT INTO FIDE_TELEFONOS_TB (ID_TELEFONO, ESTADO_ID, TELEFONO, ESTADO, ACCION) VALUES (23, 1, 88880023, 'ACTIVO', 'Creacion');
INSERT INTO FIDE_TELEFONOS_TB (ID_TELEFONO, ESTADO_ID, TELEFONO, ESTADO, ACCION) VALUES (24, 1, 88880024, 'ACTIVO', 'Creacion');
INSERT INTO FIDE_TELEFONOS_TB (ID_TELEFONO, ESTADO_ID, TELEFONO, ESTADO, ACCION) VALUES (25, 1, 88880025, 'ACTIVO', 'Creacion');
INSERT INTO FIDE_TELEFONOS_TB (ID_TELEFONO, ESTADO_ID, TELEFONO, ESTADO, ACCION) VALUES (26, 1, 88880026, 'ACTIVO', 'Creacion');
INSERT INTO FIDE_TELEFONOS_TB (ID_TELEFONO, ESTADO_ID, TELEFONO, ESTADO, ACCION) VALUES (27, 1, 88880027, 'ACTIVO', 'Creacion');
INSERT INTO FIDE_TELEFONOS_TB (ID_TELEFONO, ESTADO_ID, TELEFONO, ESTADO, ACCION) VALUES (28, 1, 88880028, 'ACTIVO', 'Creacion');
INSERT INTO FIDE_TELEFONOS_TB (ID_TELEFONO, ESTADO_ID, TELEFONO, ESTADO, ACCION) VALUES (29, 1, 88880029, 'ACTIVO', 'Creacion');
INSERT INTO FIDE_TELEFONOS_TB (ID_TELEFONO, ESTADO_ID, TELEFONO, ESTADO, ACCION) VALUES (30, 1, 88880030, 'ACTIVO', 'Creacion');
INSERT INTO FIDE_TELEFONOS_TB (ID_TELEFONO, ESTADO_ID, TELEFONO, ESTADO, ACCION) VALUES (31, 1, 88880031, 'ACTIVO', 'Creacion');
INSERT INTO FIDE_TELEFONOS_TB (ID_TELEFONO, ESTADO_ID, TELEFONO, ESTADO, ACCION) VALUES (32, 1, 88880032, 'ACTIVO', 'Creacion');
INSERT INTO FIDE_TELEFONOS_TB (ID_TELEFONO, ESTADO_ID, TELEFONO, ESTADO, ACCION) VALUES (33, 1, 88880033, 'ACTIVO', 'Creacion');
INSERT INTO FIDE_TELEFONOS_TB (ID_TELEFONO, ESTADO_ID, TELEFONO, ESTADO, ACCION) VALUES (34, 1, 88880034, 'ACTIVO', 'Creacion');
INSERT INTO FIDE_TELEFONOS_TB (ID_TELEFONO, ESTADO_ID, TELEFONO, ESTADO, ACCION) VALUES (35, 1, 88880035, 'ACTIVO', 'Creacion');
INSERT INTO FIDE_TELEFONOS_TB (ID_TELEFONO, ESTADO_ID, TELEFONO, ESTADO, ACCION) VALUES (36, 1, 88880036, 'ACTIVO', 'Creacion');
INSERT INTO FIDE_TELEFONOS_TB (ID_TELEFONO, ESTADO_ID, TELEFONO, ESTADO, ACCION) VALUES (37, 1, 88880037, 'ACTIVO', 'Creacion');
INSERT INTO FIDE_TELEFONOS_TB (ID_TELEFONO, ESTADO_ID, TELEFONO, ESTADO, ACCION) VALUES (38, 1, 88880038, 'ACTIVO', 'Creacion');
INSERT INTO FIDE_TELEFONOS_TB (ID_TELEFONO, ESTADO_ID, TELEFONO, ESTADO, ACCION) VALUES (39, 1, 88880039, 'ACTIVO', 'Creacion');
INSERT INTO FIDE_TELEFONOS_TB (ID_TELEFONO, ESTADO_ID, TELEFONO, ESTADO, ACCION) VALUES (40, 1, 88880040, 'ACTIVO', 'Creacion');



INSERT INTO FIDE_DISTRITO_TB (ID_DISTRITO, ESTADO_ID, NOMBRE_DISTRITO, ESTADO, ACCION) VALUES (1, 1, 'Carmen', 'ACTIVO', 'Creacion');
INSERT INTO FIDE_DISTRITO_TB (ID_DISTRITO, ESTADO_ID, NOMBRE_DISTRITO, ESTADO, ACCION) VALUES (2, 1, 'San Rafael', 'ACTIVO', 'Creacion');
INSERT INTO FIDE_DISTRITO_TB (ID_DISTRITO, ESTADO_ID, NOMBRE_DISTRITO, ESTADO, ACCION) VALUES (3, 1, 'Desamparados', 'ACTIVO', 'Creacion');
INSERT INTO FIDE_DISTRITO_TB (ID_DISTRITO, ESTADO_ID, NOMBRE_DISTRITO, ESTADO, ACCION) VALUES (4, 1, 'Guadalupe', 'ACTIVO', 'Creacion');
INSERT INTO FIDE_DISTRITO_TB (ID_DISTRITO, ESTADO_ID, NOMBRE_DISTRITO, ESTADO, ACCION) VALUES (5, 1, 'Alajuela', 'ACTIVO', 'Creacion');
INSERT INTO FIDE_DISTRITO_TB (ID_DISTRITO, ESTADO_ID, NOMBRE_DISTRITO, ESTADO, ACCION) VALUES (6, 1, 'San Ramon', 'ACTIVO', 'Creacion');
INSERT INTO FIDE_DISTRITO_TB (ID_DISTRITO, ESTADO_ID, NOMBRE_DISTRITO, ESTADO, ACCION) VALUES (7, 1, 'Grecia', 'ACTIVO', 'Creacion');
INSERT INTO FIDE_DISTRITO_TB (ID_DISTRITO, ESTADO_ID, NOMBRE_DISTRITO, ESTADO, ACCION) VALUES (8, 1, 'Oriental', 'ACTIVO', 'Creacion');
INSERT INTO FIDE_DISTRITO_TB (ID_DISTRITO, ESTADO_ID, NOMBRE_DISTRITO, ESTADO, ACCION) VALUES (9, 1, 'Paraiso', 'ACTIVO', 'Creacion');
INSERT INTO FIDE_DISTRITO_TB (ID_DISTRITO, ESTADO_ID, NOMBRE_DISTRITO, ESTADO, ACCION) VALUES (10, 1, 'Turrialba', 'ACTIVO', 'Creacion');
INSERT INTO FIDE_DISTRITO_TB (ID_DISTRITO, ESTADO_ID, NOMBRE_DISTRITO, ESTADO, ACCION) VALUES (11, 1, 'Heredia', 'ACTIVO', 'Creacion');
INSERT INTO FIDE_DISTRITO_TB (ID_DISTRITO, ESTADO_ID, NOMBRE_DISTRITO, ESTADO, ACCION) VALUES (12, 1, 'Puerto Viejo', 'ACTIVO', 'Creacion');
INSERT INTO FIDE_DISTRITO_TB (ID_DISTRITO, ESTADO_ID, NOMBRE_DISTRITO, ESTADO, ACCION) VALUES (13, 1, 'Liberia', 'ACTIVO', 'Creacion');
INSERT INTO FIDE_DISTRITO_TB (ID_DISTRITO, ESTADO_ID, NOMBRE_DISTRITO, ESTADO, ACCION) VALUES (14, 1, 'Santa Cruz', 'ACTIVO', 'Creacion');
INSERT INTO FIDE_DISTRITO_TB (ID_DISTRITO, ESTADO_ID, NOMBRE_DISTRITO, ESTADO, ACCION) VALUES (15, 1, 'Nicoya', 'ACTIVO', 'Creacion');
INSERT INTO FIDE_DISTRITO_TB (ID_DISTRITO, ESTADO_ID, NOMBRE_DISTRITO, ESTADO, ACCION) VALUES (16, 1, 'Puntarenas', 'ACTIVO', 'Creacion');
INSERT INTO FIDE_DISTRITO_TB (ID_DISTRITO, ESTADO_ID, NOMBRE_DISTRITO, ESTADO, ACCION) VALUES (17, 1, 'Buenos Aires', 'ACTIVO', 'Creacion');
INSERT INTO FIDE_DISTRITO_TB (ID_DISTRITO, ESTADO_ID, NOMBRE_DISTRITO, ESTADO, ACCION) VALUES (18, 1, 'Limon', 'ACTIVO', 'Creacion');
INSERT INTO FIDE_DISTRITO_TB (ID_DISTRITO, ESTADO_ID, NOMBRE_DISTRITO, ESTADO, ACCION) VALUES (19, 1, 'Guapiles', 'ACTIVO', 'Creacion');
INSERT INTO FIDE_DISTRITO_TB (ID_DISTRITO, ESTADO_ID, NOMBRE_DISTRITO, ESTADO, ACCION) VALUES (20, 1, 'Bribri', 'ACTIVO', 'Creacion');


INSERT INTO FIDE_CANTON_TB (ID_CANTON, DISTRITO_ID, ESTADO_ID, NOMBRE_CANTON, ESTADO, ACCION) VALUES (1, 2, 1, 'San Jose', 'ACTIVO', 'Creacion');
INSERT INTO FIDE_CANTON_TB (ID_CANTON, DISTRITO_ID, ESTADO_ID, NOMBRE_CANTON, ESTADO, ACCION) VALUES (2, 2, 1, 'Escazu', 'ACTIVO', 'Creacion');
INSERT INTO FIDE_CANTON_TB (ID_CANTON, DISTRITO_ID, ESTADO_ID, NOMBRE_CANTON, ESTADO, ACCION) VALUES (3, 3, 1, 'Desamparados', 'ACTIVO', 'Creacion');
INSERT INTO FIDE_CANTON_TB (ID_CANTON, DISTRITO_ID, ESTADO_ID, NOMBRE_CANTON, ESTADO, ACCION) VALUES (4, 4, 1, 'Goicoechea', 'ACTIVO', 'Creacion');
INSERT INTO FIDE_CANTON_TB (ID_CANTON, DISTRITO_ID, ESTADO_ID, NOMBRE_CANTON, ESTADO, ACCION) VALUES (5, 5, 1, 'Alajuela', 'ACTIVO', 'Creacion');
INSERT INTO FIDE_CANTON_TB (ID_CANTON, DISTRITO_ID, ESTADO_ID, NOMBRE_CANTON, ESTADO, ACCION) VALUES (6, 6, 1, 'San Ramon', 'ACTIVO', 'Creacion');
INSERT INTO FIDE_CANTON_TB (ID_CANTON, DISTRITO_ID, ESTADO_ID, NOMBRE_CANTON, ESTADO, ACCION) VALUES (7, 7, 1, 'Grecia', 'ACTIVO', 'Creacion');
INSERT INTO FIDE_CANTON_TB (ID_CANTON, DISTRITO_ID, ESTADO_ID, NOMBRE_CANTON, ESTADO, ACCION) VALUES (8, 8, 1, 'Cartago', 'ACTIVO', 'Creacion');
INSERT INTO FIDE_CANTON_TB (ID_CANTON, DISTRITO_ID, ESTADO_ID, NOMBRE_CANTON, ESTADO, ACCION) VALUES (9, 9, 1, 'Paraiso', 'ACTIVO', 'Creacion');
INSERT INTO FIDE_CANTON_TB (ID_CANTON, DISTRITO_ID, ESTADO_ID, NOMBRE_CANTON, ESTADO, ACCION) VALUES (10, 10, 1, 'Turrialba', 'ACTIVO', 'Creacion');
INSERT INTO FIDE_CANTON_TB (ID_CANTON, DISTRITO_ID, ESTADO_ID, NOMBRE_CANTON, ESTADO, ACCION) VALUES (11, 11, 1, 'Heredia', 'ACTIVO', 'Creacion');
INSERT INTO FIDE_CANTON_TB (ID_CANTON, DISTRITO_ID, ESTADO_ID, NOMBRE_CANTON, ESTADO, ACCION) VALUES (12, 12, 1, 'Sarapiqui', 'ACTIVO', 'Creacion');
INSERT INTO FIDE_CANTON_TB (ID_CANTON, DISTRITO_ID, ESTADO_ID, NOMBRE_CANTON, ESTADO, ACCION) VALUES (13, 13, 1, 'Liberia', 'ACTIVO', 'Creacion');
INSERT INTO FIDE_CANTON_TB (ID_CANTON, DISTRITO_ID, ESTADO_ID, NOMBRE_CANTON, ESTADO, ACCION) VALUES (14, 14, 1, 'Santa Cruz', 'ACTIVO', 'Creacion');
INSERT INTO FIDE_CANTON_TB (ID_CANTON, DISTRITO_ID, ESTADO_ID, NOMBRE_CANTON, ESTADO, ACCION) VALUES (15, 15, 1, 'Nicoya', 'ACTIVO', 'Creacion');
INSERT INTO FIDE_CANTON_TB (ID_CANTON, DISTRITO_ID, ESTADO_ID, NOMBRE_CANTON, ESTADO, ACCION) VALUES (16, 16, 1, 'Puntarenas', 'ACTIVO', 'Creacion');
INSERT INTO FIDE_CANTON_TB (ID_CANTON, DISTRITO_ID, ESTADO_ID, NOMBRE_CANTON, ESTADO, ACCION) VALUES (17, 17, 1, 'Buenos Aires', 'ACTIVO', 'Creacion');
INSERT INTO FIDE_CANTON_TB (ID_CANTON, DISTRITO_ID, ESTADO_ID, NOMBRE_CANTON, ESTADO, ACCION) VALUES (18, 18, 1, 'Limon', 'ACTIVO', 'Creacion');
INSERT INTO FIDE_CANTON_TB (ID_CANTON, DISTRITO_ID, ESTADO_ID, NOMBRE_CANTON, ESTADO, ACCION) VALUES (19, 19, 1, 'Pococi', 'ACTIVO', 'Creacion');
INSERT INTO FIDE_CANTON_TB (ID_CANTON, DISTRITO_ID, ESTADO_ID, NOMBRE_CANTON, ESTADO, ACCION) VALUES (20, 20, 1, 'Talamanca', 'ACTIVO', 'Creacion');

INSERT INTO FIDE_PROVINCIA_TB (ID_PROVINCIA, CANTON_ID, ESTADO_ID, NOMBRE_PROVINCIA, ESTADO, ACCION) VALUES (1, 1, 1, 'San Jose', 'ACTIVO', 'Creacion');
INSERT INTO FIDE_PROVINCIA_TB (ID_PROVINCIA, CANTON_ID, ESTADO_ID, NOMBRE_PROVINCIA, ESTADO, ACCION) VALUES (2, 3, 1, 'Alajuela', 'ACTIVO', 'Creacion');
INSERT INTO FIDE_PROVINCIA_TB (ID_PROVINCIA, CANTON_ID, ESTADO_ID, NOMBRE_PROVINCIA, ESTADO, ACCION) VALUES (3, 8, 1, 'Cartago', 'ACTIVO', 'Creacion');
INSERT INTO FIDE_PROVINCIA_TB (ID_PROVINCIA, CANTON_ID, ESTADO_ID, NOMBRE_PROVINCIA, ESTADO, ACCION) VALUES (4, 11, 1, 'Heredia', 'ACTIVO', 'Creacion');
INSERT INTO FIDE_PROVINCIA_TB (ID_PROVINCIA, CANTON_ID, ESTADO_ID, NOMBRE_PROVINCIA, ESTADO, ACCION) VALUES (5, 5, 1, 'Guanacaste', 'ACTIVO', 'Creacion');
INSERT INTO FIDE_PROVINCIA_TB (ID_PROVINCIA, CANTON_ID, ESTADO_ID, NOMBRE_PROVINCIA, ESTADO, ACCION) VALUES (6, 17, 1, 'Puntarenas', 'ACTIVO', 'Creacion');
INSERT INTO FIDE_PROVINCIA_TB (ID_PROVINCIA, CANTON_ID, ESTADO_ID, NOMBRE_PROVINCIA, ESTADO, ACCION) VALUES (7, 12, 1, 'Limon', 'ACTIVO', 'Creacion');


INSERT INTO FIDE_DIRECCIONES_TB (ID_DIRECCION, CEDULA, PROVINCIA_ID, ESTADO_ID, ESTADO, ACCION) VALUES (1, 100000001, 1, 1, 'ACTIVO', 'Creacion');
INSERT INTO FIDE_DIRECCIONES_TB (ID_DIRECCION, CEDULA, PROVINCIA_ID, ESTADO_ID, ESTADO, ACCION) VALUES (2, 100000002, 2, 1, 'ACTIVO', 'Creacion');
INSERT INTO FIDE_DIRECCIONES_TB (ID_DIRECCION, CEDULA, PROVINCIA_ID, ESTADO_ID, ESTADO, ACCION) VALUES (3, 100000003, 3, 1, 'ACTIVO', 'Creacion');
INSERT INTO FIDE_DIRECCIONES_TB (ID_DIRECCION, CEDULA, PROVINCIA_ID, ESTADO_ID, ESTADO, ACCION) VALUES (4, 100000004, 4, 1, 'ACTIVO', 'Creacion');
INSERT INTO FIDE_DIRECCIONES_TB (ID_DIRECCION, CEDULA, PROVINCIA_ID, ESTADO_ID, ESTADO, ACCION) VALUES (5, 100000005, 5, 1, 'ACTIVO', 'Creacion');
INSERT INTO FIDE_DIRECCIONES_TB (ID_DIRECCION, CEDULA, PROVINCIA_ID, ESTADO_ID, ESTADO, ACCION) VALUES (6, 100000006, 6, 1, 'ACTIVO', 'Creacion');
INSERT INTO FIDE_DIRECCIONES_TB (ID_DIRECCION, CEDULA, PROVINCIA_ID, ESTADO_ID, ESTADO, ACCION) VALUES (7, 100000007, 7, 1, 'ACTIVO', 'Creacion');
INSERT INTO FIDE_DIRECCIONES_TB (ID_DIRECCION, CEDULA, PROVINCIA_ID, ESTADO_ID, ESTADO, ACCION) VALUES (8, 100000008, 2, 1, 'ACTIVO', 'Creacion');
INSERT INTO FIDE_DIRECCIONES_TB (ID_DIRECCION, CEDULA, PROVINCIA_ID, ESTADO_ID, ESTADO, ACCION) VALUES (9, 100000009, 3, 1, 'ACTIVO', 'Creacion');
INSERT INTO FIDE_DIRECCIONES_TB (ID_DIRECCION, CEDULA, PROVINCIA_ID, ESTADO_ID, ESTADO, ACCION) VALUES (10, 100000010, 1, 1, 'ACTIVO', 'Creacion');
INSERT INTO FIDE_DIRECCIONES_TB (ID_DIRECCION, CEDULA, PROVINCIA_ID, ESTADO_ID, ESTADO, ACCION) VALUES (11, 100000011, 7, 1, 'ACTIVO', 'Creacion');
INSERT INTO FIDE_DIRECCIONES_TB (ID_DIRECCION, CEDULA, PROVINCIA_ID, ESTADO_ID, ESTADO, ACCION) VALUES (12, 100000012, 2, 1, 'ACTIVO', 'Creacion');
INSERT INTO FIDE_DIRECCIONES_TB (ID_DIRECCION, CEDULA, PROVINCIA_ID, ESTADO_ID, ESTADO, ACCION) VALUES (13, 100000013, 3, 1, 'ACTIVO', 'Creacion');
INSERT INTO FIDE_DIRECCIONES_TB (ID_DIRECCION, CEDULA, PROVINCIA_ID, ESTADO_ID, ESTADO, ACCION) VALUES (14, 100000014, 4, 1, 'ACTIVO', 'Creacion');
INSERT INTO FIDE_DIRECCIONES_TB (ID_DIRECCION, CEDULA, PROVINCIA_ID, ESTADO_ID, ESTADO, ACCION) VALUES (15, 100000015, 5, 1, 'ACTIVO', 'Creacion');
INSERT INTO FIDE_DIRECCIONES_TB (ID_DIRECCION, CEDULA, PROVINCIA_ID, ESTADO_ID, ESTADO, ACCION) VALUES (16, 100000016, 6, 1, 'ACTIVO', 'Creacion');
INSERT INTO FIDE_DIRECCIONES_TB (ID_DIRECCION, CEDULA, PROVINCIA_ID, ESTADO_ID, ESTADO, ACCION) VALUES (17, 100000017, 7, 1, 'ACTIVO', 'Creacion');
INSERT INTO FIDE_DIRECCIONES_TB (ID_DIRECCION, CEDULA, PROVINCIA_ID, ESTADO_ID, ESTADO, ACCION) VALUES (18, 100000018, 2, 1, 'ACTIVO', 'Creacion');
INSERT INTO FIDE_DIRECCIONES_TB (ID_DIRECCION, CEDULA, PROVINCIA_ID, ESTADO_ID, ESTADO, ACCION) VALUES (19, 100000019, 1, 1, 'ACTIVO', 'Creacion');
INSERT INTO FIDE_DIRECCIONES_TB (ID_DIRECCION, CEDULA, PROVINCIA_ID, ESTADO_ID, ESTADO, ACCION) VALUES (20, 100000020, 2, 1, 'ACTIVO', 'Creacion');
INSERT INTO FIDE_DIRECCIONES_TB (ID_DIRECCION, CEDULA, PROVINCIA_ID, ESTADO_ID, ESTADO, ACCION) VALUES (21, 100000021, 2, 1, 'ACTIVO', 'Creacion');
INSERT INTO FIDE_DIRECCIONES_TB (ID_DIRECCION, CEDULA, PROVINCIA_ID, ESTADO_ID, ESTADO, ACCION) VALUES (22, 100000022, 3, 1, 'ACTIVO', 'Creacion');
INSERT INTO FIDE_DIRECCIONES_TB (ID_DIRECCION, CEDULA, PROVINCIA_ID, ESTADO_ID, ESTADO, ACCION) VALUES (23, 100000023, 2, 1, 'ACTIVO', 'Creacion');
INSERT INTO FIDE_DIRECCIONES_TB (ID_DIRECCION, CEDULA, PROVINCIA_ID, ESTADO_ID, ESTADO, ACCION) VALUES (24, 100000024, 4, 1, 'ACTIVO', 'Creacion');
INSERT INTO FIDE_DIRECCIONES_TB (ID_DIRECCION, CEDULA, PROVINCIA_ID, ESTADO_ID, ESTADO, ACCION) VALUES (25, 100000025, 2, 1, 'ACTIVO', 'Creacion');
INSERT INTO FIDE_DIRECCIONES_TB (ID_DIRECCION, CEDULA, PROVINCIA_ID, ESTADO_ID, ESTADO, ACCION) VALUES (26, 100000026, 5, 1, 'ACTIVO', 'Creacion');
INSERT INTO FIDE_DIRECCIONES_TB (ID_DIRECCION, CEDULA, PROVINCIA_ID, ESTADO_ID, ESTADO, ACCION) VALUES (27, 100000027, 2, 1, 'ACTIVO', 'Creacion');
INSERT INTO FIDE_DIRECCIONES_TB (ID_DIRECCION, CEDULA, PROVINCIA_ID, ESTADO_ID, ESTADO, ACCION) VALUES (28, 100000028, 7, 1, 'ACTIVO', 'Creacion');
INSERT INTO FIDE_DIRECCIONES_TB (ID_DIRECCION, CEDULA, PROVINCIA_ID, ESTADO_ID, ESTADO, ACCION) VALUES (29, 100000029, 2, 1, 'ACTIVO', 'Creacion');
INSERT INTO FIDE_DIRECCIONES_TB (ID_DIRECCION, CEDULA, PROVINCIA_ID, ESTADO_ID, ESTADO, ACCION) VALUES (30, 100000030, 2, 1, 'ACTIVO', 'Creacion');
INSERT INTO FIDE_DIRECCIONES_TB (ID_DIRECCION, CEDULA, PROVINCIA_ID, ESTADO_ID, ESTADO, ACCION) VALUES (31, 100000031, 1, 1, 'ACTIVO', 'Creacion');
INSERT INTO FIDE_DIRECCIONES_TB (ID_DIRECCION, CEDULA, PROVINCIA_ID, ESTADO_ID, ESTADO, ACCION) VALUES (32, 100000032, 1, 1, 'ACTIVO', 'Creacion');
INSERT INTO FIDE_DIRECCIONES_TB (ID_DIRECCION, CEDULA, PROVINCIA_ID, ESTADO_ID, ESTADO, ACCION) VALUES (33, 100000033, 2, 1, 'ACTIVO', 'Creacion');
INSERT INTO FIDE_DIRECCIONES_TB (ID_DIRECCION, CEDULA, PROVINCIA_ID, ESTADO_ID, ESTADO, ACCION) VALUES (34, 100000034, 1, 1, 'ACTIVO', 'Creacion');
INSERT INTO FIDE_DIRECCIONES_TB (ID_DIRECCION, CEDULA, PROVINCIA_ID, ESTADO_ID, ESTADO, ACCION) VALUES (35, 100000035, 3, 1, 'ACTIVO', 'Creacion');
INSERT INTO FIDE_DIRECCIONES_TB (ID_DIRECCION, CEDULA, PROVINCIA_ID, ESTADO_ID, ESTADO, ACCION) VALUES (36, 100000036, 2, 1, 'ACTIVO', 'Creacion');
INSERT INTO FIDE_DIRECCIONES_TB (ID_DIRECCION, CEDULA, PROVINCIA_ID, ESTADO_ID, ESTADO, ACCION) VALUES (37, 100000037, 2, 1, 'ACTIVO', 'Creacion');
INSERT INTO FIDE_DIRECCIONES_TB (ID_DIRECCION, CEDULA, PROVINCIA_ID, ESTADO_ID, ESTADO, ACCION) VALUES (38, 100000038, 4, 1, 'ACTIVO', 'Creacion');
INSERT INTO FIDE_DIRECCIONES_TB (ID_DIRECCION, CEDULA, PROVINCIA_ID, ESTADO_ID, ESTADO, ACCION) VALUES (39, 100000039, 2, 1, 'ACTIVO', 'Creacion');
INSERT INTO FIDE_DIRECCIONES_TB (ID_DIRECCION, CEDULA, PROVINCIA_ID, ESTADO_ID, ESTADO, ACCION) VALUES (40, 100000040, 6, 1, 'ACTIVO', 'Creacion');





----------------
INSERT INTO FIDE_CONGELAMIENTO_TB (ID_CONGELAMIENTO, ESTADO_ID, MOTIVO, CANTIDAD, ESTADO, ACCION) VALUES (1, 1, 'Problemas de salud', 10, 'ACTIVO', 'Creacion');
INSERT INTO FIDE_CONGELAMIENTO_TB (ID_CONGELAMIENTO, ESTADO_ID, MOTIVO, CANTIDAD, ESTADO, ACCION) VALUES (2, 1, 'Dificultades economicas', 20, 'ACTIVO', 'Creacion');
INSERT INTO FIDE_CONGELAMIENTO_TB (ID_CONGELAMIENTO, ESTADO_ID, MOTIVO, CANTIDAD, ESTADO, ACCION) VALUES (3, 1, 'Cambio de domicilio', 30, 'ACTIVO', 'Creacion');
INSERT INTO FIDE_CONGELAMIENTO_TB (ID_CONGELAMIENTO, ESTADO_ID, MOTIVO, CANTIDAD, ESTADO, ACCION) VALUES (4, 1, 'Situacion familiar complicada', 40, 'ACTIVO', 'Creacion');
INSERT INTO FIDE_CONGELAMIENTO_TB (ID_CONGELAMIENTO, ESTADO_ID, MOTIVO, CANTIDAD, ESTADO, ACCION) VALUES (5, 1, 'Viaje prolongado al exterior', 50, 'ACTIVO', 'Creacion');
INSERT INTO FIDE_CONGELAMIENTO_TB (ID_CONGELAMIENTO, ESTADO_ID, MOTIVO, CANTIDAD, ESTADO, ACCION) VALUES (6, 1, 'Maternidad o paternidad', 60, 'ACTIVO', 'Creacion');
INSERT INTO FIDE_CONGELAMIENTO_TB (ID_CONGELAMIENTO, ESTADO_ID, MOTIVO, CANTIDAD, ESTADO, ACCION) VALUES (7, 1, 'Problemas de salud mental', 70, 'ACTIVO', 'Creacion');
INSERT INTO FIDE_CONGELAMIENTO_TB (ID_CONGELAMIENTO, ESTADO_ID, MOTIVO, CANTIDAD, ESTADO, ACCION) VALUES (8, 1, 'Recomendacion medica', 80, 'ACTIVO', 'Creacion');
INSERT INTO FIDE_CONGELAMIENTO_TB (ID_CONGELAMIENTO, ESTADO_ID, MOTIVO, CANTIDAD, ESTADO, ACCION) VALUES (9, 1, 'Situaciones laborales imprevistas', 90, 'ACTIVO', 'Creacion');
INSERT INTO FIDE_CONGELAMIENTO_TB (ID_CONGELAMIENTO, ESTADO_ID, MOTIVO, CANTIDAD, ESTADO, ACCION) VALUES (10, 1, 'Accidente reciente', 100, 'ACTIVO', 'Creacion');
INSERT INTO FIDE_CONGELAMIENTO_TB (ID_CONGELAMIENTO, ESTADO_ID, MOTIVO, CANTIDAD, ESTADO, ACCION) VALUES (11, 1, 'Perdida de empleo', 110, 'ACTIVO', 'Creacion');
INSERT INTO FIDE_CONGELAMIENTO_TB (ID_CONGELAMIENTO, ESTADO_ID, MOTIVO, CANTIDAD, ESTADO, ACCION) VALUES (12, 1, 'Fallecimiento de familiar cercano', 120, 'ACTIVO', 'Creacion');
INSERT INTO FIDE_CONGELAMIENTO_TB (ID_CONGELAMIENTO, ESTADO_ID, MOTIVO, CANTIDAD, ESTADO, ACCION) VALUES (13, 1, 'Desastres naturales en zona de residencia', 130, 'ACTIVO', 'Creacion');
INSERT INTO FIDE_CONGELAMIENTO_TB (ID_CONGELAMIENTO, ESTADO_ID, MOTIVO, CANTIDAD, ESTADO, ACCION) VALUES (14, 1, 'Problemas academicos graves', 140, 'ACTIVO', 'Creacion');
INSERT INTO FIDE_CONGELAMIENTO_TB (ID_CONGELAMIENTO, ESTADO_ID, MOTIVO, CANTIDAD, ESTADO, ACCION) VALUES (15, 1, 'Cambio de carrera', 150, 'ACTIVO', 'Creacion');
INSERT INTO FIDE_CONGELAMIENTO_TB (ID_CONGELAMIENTO, ESTADO_ID, MOTIVO, CANTIDAD, ESTADO, ACCION) VALUES (16, 1, 'Falta de recursos tecnologicos', 160, 'ACTIVO', 'Creacion');
INSERT INTO FIDE_CONGELAMIENTO_TB (ID_CONGELAMIENTO, ESTADO_ID, MOTIVO, CANTIDAD, ESTADO, ACCION) VALUES (17, 1, 'Inestabilidad emocional', 170, 'ACTIVO', 'Creacion');
INSERT INTO FIDE_CONGELAMIENTO_TB (ID_CONGELAMIENTO, ESTADO_ID, MOTIVO, CANTIDAD, ESTADO, ACCION) VALUES (18, 1, 'Emergencia familiar', 180, 'ACTIVO', 'Creacion');
INSERT INTO FIDE_CONGELAMIENTO_TB (ID_CONGELAMIENTO, ESTADO_ID, MOTIVO, CANTIDAD, ESTADO, ACCION) VALUES (19, 1, 'Cambio de institucion educativa', 190, 'ACTIVO', 'Creacion');
INSERT INTO FIDE_CONGELAMIENTO_TB (ID_CONGELAMIENTO, ESTADO_ID, MOTIVO, CANTIDAD, ESTADO, ACCION) VALUES (20, 1, 'Atraso en pagos', 200, 'ACTIVO', 'Creacion');

INSERT INTO FIDE_TIPO_ADECUACION_TB (ID_TIPO_ADECUACION, ESTADO_ID, TIPO, ESTADO, ACCION) VALUES (1, 1, 'Adecuacion significativa del curriculo', 'ACTIVO', 'Creacion');
INSERT INTO FIDE_TIPO_ADECUACION_TB (ID_TIPO_ADECUACION, ESTADO_ID, TIPO, ESTADO, ACCION) VALUES (2, 1, 'Adecuacion no significativa del curriculo', 'ACTIVO', 'Creacion');
INSERT INTO FIDE_TIPO_ADECUACION_TB (ID_TIPO_ADECUACION, ESTADO_ID, TIPO, ESTADO, ACCION) VALUES (3, 1, 'Adecuacion en los instrumentos de evaluacion', 'ACTIVO', 'Creacion');
INSERT INTO FIDE_TIPO_ADECUACION_TB (ID_TIPO_ADECUACION, ESTADO_ID, TIPO, ESTADO, ACCION) VALUES (4, 1, 'Adecuacion metodologica', 'ACTIVO', 'Creacion');
INSERT INTO FIDE_TIPO_ADECUACION_TB (ID_TIPO_ADECUACION, ESTADO_ID, TIPO, ESTADO, ACCION) VALUES (5, 1, 'Adecuacion del tiempo para evaluaciones', 'ACTIVO', 'Creacion');
INSERT INTO FIDE_TIPO_ADECUACION_TB (ID_TIPO_ADECUACION, ESTADO_ID, TIPO, ESTADO, ACCION) VALUES (6, 1, 'Adecuacion de la forma de evaluacion', 'ACTIVO', 'Creacion');
INSERT INTO FIDE_TIPO_ADECUACION_TB (ID_TIPO_ADECUACION, ESTADO_ID, TIPO, ESTADO, ACCION) VALUES (7, 1, 'Adecuacion del espacio fisico', 'ACTIVO', 'Creacion');
INSERT INTO FIDE_TIPO_ADECUACION_TB (ID_TIPO_ADECUACION, ESTADO_ID, TIPO, ESTADO, ACCION) VALUES (8, 1, 'Adecuacion de materiales didacticos', 'ACTIVO', 'Creacion');
INSERT INTO FIDE_TIPO_ADECUACION_TB (ID_TIPO_ADECUACION, ESTADO_ID, TIPO, ESTADO, ACCION) VALUES (9, 1, 'Adecuacion del lenguaje utilizado', 'ACTIVO', 'Creacion');
INSERT INTO FIDE_TIPO_ADECUACION_TB (ID_TIPO_ADECUACION, ESTADO_ID, TIPO, ESTADO, ACCION) VALUES (10, 1, 'Adaptacion en el ritmo de ensenanza', 'ACTIVO', 'Creacion');
INSERT INTO FIDE_TIPO_ADECUACION_TB (ID_TIPO_ADECUACION, ESTADO_ID, TIPO, ESTADO, ACCION) VALUES (11, 1, 'Adecuacion del entorno educativo', 'ACTIVO', 'Creacion');
INSERT INTO FIDE_TIPO_ADECUACION_TB (ID_TIPO_ADECUACION, ESTADO_ID, TIPO, ESTADO, ACCION) VALUES (12, 1, 'Evaluacion oral en lugar de escrita', 'ACTIVO', 'Creacion');
INSERT INTO FIDE_TIPO_ADECUACION_TB (ID_TIPO_ADECUACION, ESTADO_ID, TIPO, ESTADO, ACCION) VALUES (13, 1, 'Uso de tecnologia asistida', 'ACTIVO', 'Creacion');
INSERT INTO FIDE_TIPO_ADECUACION_TB (ID_TIPO_ADECUACION, ESTADO_ID, TIPO, ESTADO, ACCION) VALUES (14, 1, 'Flexibilizacion del horario academico', 'ACTIVO', 'Creacion');
INSERT INTO FIDE_TIPO_ADECUACION_TB (ID_TIPO_ADECUACION, ESTADO_ID, TIPO, ESTADO, ACCION) VALUES (15, 1, 'Atencion individualizada', 'ACTIVO', 'Creacion');
INSERT INTO FIDE_TIPO_ADECUACION_TB (ID_TIPO_ADECUACION, ESTADO_ID, TIPO, ESTADO, ACCION) VALUES (16, 1, 'Modificacion de objetivos especificos', 'ACTIVO', 'Creacion');
INSERT INTO FIDE_TIPO_ADECUACION_TB (ID_TIPO_ADECUACION, ESTADO_ID, TIPO, ESTADO, ACCION) VALUES (17, 1, 'Evaluacion continua y formativa', 'ACTIVO', 'Creacion');
INSERT INTO FIDE_TIPO_ADECUACION_TB (ID_TIPO_ADECUACION, ESTADO_ID, TIPO, ESTADO, ACCION) VALUES (18, 1, 'Revision de carga academica', 'ACTIVO', 'Creacion');
INSERT INTO FIDE_TIPO_ADECUACION_TB (ID_TIPO_ADECUACION, ESTADO_ID, TIPO, ESTADO, ACCION) VALUES (19, 1, 'Apoyo con interprete en clase', 'ACTIVO', 'Creacion');
INSERT INTO FIDE_TIPO_ADECUACION_TB (ID_TIPO_ADECUACION, ESTADO_ID, TIPO, ESTADO, ACCION) VALUES (20, 1, 'Uso de pictogramas o apoyos visuales', 'ACTIVO', 'Creacion');


INSERT INTO FIDE_ADECUACION_TB (ID_ADECUACION, ID_TIPO_ADECUACION, ESTADO_ID, OBSERVACIONES, ESTADO, ACCION) VALUES (1, 1, 1, 'Se adapta el material visual para mejorar la comprension del estudiante.', 'ACTIVO', 'Creacion');
INSERT INTO FIDE_ADECUACION_TB (ID_ADECUACION, ID_TIPO_ADECUACION, ESTADO_ID, OBSERVACIONES, ESTADO, ACCION) VALUES (2, 2, 1, 'Se concede tiempo adicional en evaluaciones escritas.', 'ACTIVO', 'Creacion');
INSERT INTO FIDE_ADECUACION_TB (ID_ADECUACION, ID_TIPO_ADECUACION, ESTADO_ID, OBSERVACIONES, ESTADO, ACCION) VALUES (3, 3, 1, 'Se ajustan los criterios de evaluacion segun necesidades cognitivas.', 'ACTIVO', 'Creacion');
INSERT INTO FIDE_ADECUACION_TB (ID_ADECUACION, ID_TIPO_ADECUACION, ESTADO_ID, OBSERVACIONES, ESTADO, ACCION) VALUES (4, 4, 1, 'Se realiza la presentacion oral de examenes.', 'ACTIVO', 'Creacion');
INSERT INTO FIDE_ADECUACION_TB (ID_ADECUACION, ID_TIPO_ADECUACION, ESTADO_ID, OBSERVACIONES, ESTADO, ACCION) VALUES (5, 5, 1, 'Se permite el uso de recursos tecnologicos como apoyo.', 'ACTIVO', 'Creacion');
INSERT INTO FIDE_ADECUACION_TB (ID_ADECUACION, ID_TIPO_ADECUACION, ESTADO_ID, OBSERVACIONES, ESTADO, ACCION) VALUES (6, 6, 1, 'Se reduce la extension de las tareas asignadas.', 'ACTIVO', 'Creacion');
INSERT INTO FIDE_ADECUACION_TB (ID_ADECUACION, ID_TIPO_ADECUACION, ESTADO_ID, OBSERVACIONES, ESTADO, ACCION) VALUES (7, 7, 1, 'Se aplican descansos frecuentes durante la jornada academica.', 'ACTIVO', 'Creacion');
INSERT INTO FIDE_ADECUACION_TB (ID_ADECUACION, ID_TIPO_ADECUACION, ESTADO_ID, OBSERVACIONES, ESTADO, ACCION) VALUES (8, 8, 1, 'Se utiliza lenguaje sencillo y directo en las instrucciones.', 'ACTIVO', 'Creacion');
INSERT INTO FIDE_ADECUACION_TB (ID_ADECUACION, ID_TIPO_ADECUACION, ESTADO_ID, OBSERVACIONES, ESTADO, ACCION) VALUES (9, 9, 1, 'Se brinda apoyo individual durante las clases.', 'ACTIVO', 'Creacion');
INSERT INTO FIDE_ADECUACION_TB (ID_ADECUACION, ID_TIPO_ADECUACION, ESTADO_ID, OBSERVACIONES, ESTADO, ACCION) VALUES (10, 10, 1, 'Se asigna un tutor para reforzamiento en areas basicas.', 'ACTIVO', 'Creacion');
INSERT INTO FIDE_ADECUACION_TB (ID_ADECUACION, ID_TIPO_ADECUACION, ESTADO_ID, OBSERVACIONES, ESTADO, ACCION) VALUES (11, 11, 1, 'Se implementan rubricas diferenciadas para evaluar progreso.', 'ACTIVO', 'Creacion');
INSERT INTO FIDE_ADECUACION_TB (ID_ADECUACION, ID_TIPO_ADECUACION, ESTADO_ID, OBSERVACIONES, ESTADO, ACCION) VALUES (12, 12, 1, 'Se permite responder examenes de forma oral.', 'ACTIVO', 'Creacion');
INSERT INTO FIDE_ADECUACION_TB (ID_ADECUACION, ID_TIPO_ADECUACION, ESTADO_ID, OBSERVACIONES, ESTADO, ACCION) VALUES (13, 13, 1, 'Se elimina contenido no esencial del curriculo.', 'ACTIVO', 'Creacion');
INSERT INTO FIDE_ADECUACION_TB (ID_ADECUACION, ID_TIPO_ADECUACION, ESTADO_ID, OBSERVACIONES, ESTADO, ACCION) VALUES (14, 14, 1, 'Se proporciona guia paso a paso para tareas complejas.', 'ACTIVO', 'Creacion');
INSERT INTO FIDE_ADECUACION_TB (ID_ADECUACION, ID_TIPO_ADECUACION, ESTADO_ID, OBSERVACIONES, ESTADO, ACCION) VALUES (15, 15, 1, 'Se agrupan los contenidos por temas para facilitar el aprendizaje.', 'ACTIVO', 'Creacion');
INSERT INTO FIDE_ADECUACION_TB (ID_ADECUACION, ID_TIPO_ADECUACION, ESTADO_ID, OBSERVACIONES, ESTADO, ACCION) VALUES (16, 16, 1, 'Se incorpora material manipulativo para el desarrollo logico.', 'ACTIVO', 'Creacion');
INSERT INTO FIDE_ADECUACION_TB (ID_ADECUACION, ID_TIPO_ADECUACION, ESTADO_ID, OBSERVACIONES, ESTADO, ACCION) VALUES (17, 17, 1, 'Se fomenta el trabajo colaborativo para mejorar habilidades sociales.', 'ACTIVO', 'Creacion');
INSERT INTO FIDE_ADECUACION_TB (ID_ADECUACION, ID_TIPO_ADECUACION, ESTADO_ID, OBSERVACIONES, ESTADO, ACCION) VALUES (18, 18, 1, 'Se adapta la evaluacion para enfocarse en el proceso mas que en el resultado.', 'ACTIVO', 'Creacion');
INSERT INTO FIDE_ADECUACION_TB (ID_ADECUACION, ID_TIPO_ADECUACION, ESTADO_ID, OBSERVACIONES, ESTADO, ACCION) VALUES (19, 19, 1, 'Se refuerza el aprendizaje con actividades ludicas.', 'ACTIVO', 'Creacion');
INSERT INTO FIDE_ADECUACION_TB (ID_ADECUACION, ID_TIPO_ADECUACION, ESTADO_ID, OBSERVACIONES, ESTADO, ACCION) VALUES (20, 20, 1, 'Se aplican estrategias de retroalimentacion inmediata y positiva.', 'ACTIVO', 'Creacion');

----------------

--------------------------------------------------------------------
-- CONSTRAINTS DE LLAVES FORaNEAS
--------------------------------------------------------------------

ALTER TABLE FIDE_TIPO_USUARIO_TB
ADD CONSTRAINT TIPO_USUARIO_ESTADO_ID_FK  
FOREIGN KEY (ID_ESTADO)
REFERENCES FIDE_ESTADO_TB (ID_ESTADO);
/

ALTER TABLE FIDE_PERSONAS_TB
ADD CONSTRAINT PERSONAS_ESTADO_ID_FK  
FOREIGN KEY (ESTADO_ID)
REFERENCES FIDE_ESTADO_TB (ID_ESTADO);
    
ALTER TABLE FIDE_PERSONAS_TB
ADD CONSTRAINT PERSONAS_TIPO_USUARIO_FK
FOREIGN KEY (TIPO_ID)
REFERENCES FIDE_TIPO_USUARIO_TB(ID_TIPO);

ALTER TABLE FIDE_PERSONAS_TB
ADD CONSTRAINT PERSONAS_TELEFONO_FK
FOREIGN KEY (TELEFONO_ID)
REFERENCES FIDE_TELEFONOS_TB(ID_TELEFONO);

ALTER TABLE FIDE_PERSONAS_TB
ADD CONSTRAINT PERSONAS_EMAIL_FK
FOREIGN KEY (EMAIL_ID)
REFERENCES FIDE_EMAIL_TB(ID_EMAIL);

ALTER TABLE FIDE_PERSONAS_TB
ADD CONSTRAINT PERSONAS_DIRECCIONES_FK
FOREIGN KEY (DIRECCIONES_ID)
REFERENCES FIDE_DIRECCIONES_TB(ID_DIRECCION);
/

ALTER TABLE FIDE_ESTUDIANTES_TB
ADD CONSTRAINT ESTUDIANTES_ESTADO_ID_FK
FOREIGN KEY (ESTADO_ID)
REFERENCES FIDE_ESTADO_TB (ID_ESTADO);

ALTER TABLE FIDE_ESTUDIANTES_TB
ADD CONSTRAINT ESTUDIANTES_ADECUACION_ID_FK
FOREIGN KEY (ADECUACION_ID)
REFERENCES FIDE_ADECUACION_TB(ID_ADECUACION);

ALTER TABLE FIDE_ESTUDIANTES_TB
ADD CONSTRAINT ESTUDIANTES_NOTAS_ID_FK
FOREIGN KEY (NOTAS_ID)
REFERENCES FIDE_NOTAS_TB(ID_NOTAS);
/

ALTER TABLE FIDE_PROFESORES_TB
ADD CONSTRAINT PROFESORES_ESTADO_ID_FK
FOREIGN KEY (ESTADO_ID)
REFERENCES FIDE_ESTADO_TB (ID_ESTADO);
/

ALTER TABLE FIDE_ESTUDIANTE_PROFESOR_TB
ADD CONSTRAINT ESTUDIANTE_PROFESOR_ESTADO_ID_FK
FOREIGN KEY (ESTADO_ID)
REFERENCES FIDE_ESTADO_TB (ID_ESTADO);

ALTER TABLE FIDE_ESTUDIANTE_PROFESOR_TB
ADD CONSTRAINT ESTUDIANTES_CEDULAE_FK
FOREIGN KEY (CEDULAE)
REFERENCES FIDE_ESTUDIANTES_TB(CEDULA);

ALTER TABLE FIDE_ESTUDIANTE_PROFESOR_TB
ADD CONSTRAINT ESTUDIANTES_CEDULAP_FK
FOREIGN KEY (CEDULAP)
REFERENCES FIDE_PROFESORES_TB(CEDULA);
/

ALTER TABLE FIDE_HORARIO_TB
ADD CONSTRAINT HORARIO_ESTADO_ID_FK
FOREIGN KEY (ESTADO_ID)
REFERENCES FIDE_ESTADO_TB (ID_ESTADO);

ALTER TABLE FIDE_HORARIO_TB
ADD CONSTRAINT HORARIO_AULA_ID_FK
FOREIGN KEY (AULA_ID)
REFERENCES FIDE_AULA_TB(ID_AULA);
/

ALTER TABLE FIDE_AULA_TB
ADD CONSTRAINT AULA_ESTADO_ID_FK
FOREIGN KEY (ESTADO_ID)
REFERENCES FIDE_ESTADO_TB (ID_ESTADO);
/

ALTER TABLE FIDE_NOTAS_TB
ADD CONSTRAINT NOTAS_ESTADO_ID_FK
FOREIGN KEY (ESTADO_ID)
REFERENCES FIDE_ESTADO_TB (ID_ESTADO);
/

ALTER TABLE FIDE_MATERIA_TB
ADD CONSTRAINT MATERIA_CEDULAP_FK
FOREIGN KEY (ID_PROFESORES)
REFERENCES FIDE_PROFESORES_TB(CEDULA);

ALTER TABLE FIDE_MATERIA_TB
ADD CONSTRAINT MATERIA_ESTADO_ID_FK
FOREIGN KEY (ESTADO_ID)
REFERENCES FIDE_ESTADO_TB (ID_ESTADO);
/

ALTER TABLE FIDE_ESTUDIANTE_MATERIA_TB
ADD CONSTRAINT ESTUDIANTE_MATERIA_ID_FK
FOREIGN KEY (ID_MATERIA)
REFERENCES FIDE_MATERIA_TB(ID_MATERIA);

ALTER TABLE FIDE_ESTUDIANTE_MATERIA_TB
ADD CONSTRAINT MATERIA_ID_MATERIA_FK
FOREIGN KEY (ID_ESTUDIANTE)
REFERENCES FIDE_ESTUDIANTES_TB(CEDULA);

ALTER TABLE FIDE_ESTUDIANTE_MATERIA_TB
ADD CONSTRAINT ESTUDIANTES_MATERIA_ESTADO_ID_FK
FOREIGN KEY (ESTADO_ID)
REFERENCES FIDE_ESTADO_TB (ID_ESTADO);
/

ALTER TABLE FIDE_MATERIAS_HORARIOS_TB
ADD CONSTRAINT MATERIAS_HORARIOS_ID_MATERIA_ID_FK
FOREIGN KEY (ID_MATERIA)
REFERENCES FIDE_MATERIA_TB(ID_MATERIA);

ALTER TABLE FIDE_MATERIAS_HORARIOS_TB
ADD CONSTRAINT MATERIAS_HORARIO_ID_HORARIO_FK
FOREIGN KEY (ID_HORARIO)
REFERENCES FIDE_HORARIO_TB(ID_HORARIO);

ALTER TABLE FIDE_MATERIAS_HORARIOS_TB
ADD CONSTRAINT MATERIA_HORARIO_ESTADO_ID_FK
FOREIGN KEY (ESTADO_ID)
REFERENCES FIDE_ESTADO_TB(ID_ESTADO);
/

ALTER TABLE FIDE_EMAIL_TB
ADD CONSTRAINT EMAIL_ESTADO_ID_FK
FOREIGN KEY (ESTADO_ID)
REFERENCES FIDE_ESTADO_TB(ID_ESTADO);
/

ALTER TABLE FIDE_TELEFONOS_TB
ADD CONSTRAINT TELEFONOS_ESTADO_ID_FK
FOREIGN KEY (ESTADO_ID)
REFERENCES FIDE_ESTADO_TB(ID_ESTADO);
/

ALTER TABLE FIDE_DIRECCIONES_TB
ADD CONSTRAINT DIRECCIONES_CEDULA_FK
FOREIGN KEY (CEDULA)
REFERENCES FIDE_PERSONAS_TB(CEDULA);

ALTER TABLE FIDE_DIRECCIONES_TB
ADD CONSTRAINT DIRECCIONES_PROVINCIA_ID_FK
FOREIGN KEY (PROVINCIA_ID)
REFERENCES FIDE_PROVINCIA_TB(ID_PROVINCIA);

ALTER TABLE FIDE_DIRECCIONES_TB
ADD CONSTRAINT DIRECCIONES_ESTADO_ID_FK
FOREIGN KEY (ESTADO_ID)
REFERENCES FIDE_ESTADO_TB (ID_ESTADO);
/

ALTER TABLE FIDE_PROVINCIA_TB
ADD CONSTRAINT PROVINCIA_CANTON_ID_FK
FOREIGN KEY (CANTON_ID)
REFERENCES FIDE_CANTON_TB (ID_CANTON);

ALTER TABLE FIDE_PROVINCIA_TB
ADD CONSTRAINT PROVINCIA_ESTADO_ID_FK
FOREIGN KEY (ESTADO_ID)
REFERENCES FIDE_ESTADO_TB (ID_ESTADO);
/

ALTER TABLE FIDE_CANTON_TB
ADD CONSTRAINT CANTON_DISTRITO_ID_FK
FOREIGN KEY (DISTRITO_ID)
REFERENCES FIDE_DISTRITO_TB(ID_DISTRITO);

ALTER TABLE FIDE_CANTON_TB
ADD CONSTRAINT CANTON_ESTADO_ID_FK
FOREIGN KEY (ESTADO_ID)
REFERENCES FIDE_ESTADO_TB (ID_ESTADO);
/

ALTER TABLE FIDE_DISTRITO_TB
ADD CONSTRAINT DISTRITO_ESTADO_ID_FK
FOREIGN KEY (ESTADO_ID)
REFERENCES FIDE_ESTADO_TB (ID_ESTADO);
/

ALTER TABLE FIDE_CONGELAMIENTO_TB
ADD CONSTRAINT CONGELAMIENTO_ESTADO_ID_FK
FOREIGN KEY (ESTADO_ID)
REFERENCES FIDE_ESTADO_TB (ID_ESTADO);
/

ALTER TABLE FIDE_TIPO_ADECUACION_TB
ADD CONSTRAINT TIPO_ADECUACION_ESTADO_ID_FK
FOREIGN KEY (ESTADO_ID)
REFERENCES FIDE_ESTADO_TB (ID_ESTADO);
/

ALTER TABLE FIDE_ADECUACION_TB
ADD CONSTRAINT TIPO_ADECUACION_ID_TA_FK
FOREIGN KEY (ID_TIPO_ADECUACION)
REFERENCES FIDE_TIPO_ADECUACION_TB (ID_TIPO_ADECUACION);

ALTER TABLE FIDE_ADECUACION_TB
ADD CONSTRAINT ADECUACION_ESTADO_ID_FK
FOREIGN KEY (ESTADO_ID)
REFERENCES FIDE_ESTADO_TB (ID_ESTADO);

